"product_id","product_name","in_stock","available_units","price","seller_id","category_id"
"P1812000215285","Innovative Blender","yes",347,37.99,"S1212000006917","C1912000001514"
"P1812000350684","Portable Hand Mixer","yes",475,25.99,"S1212000106989","C1912000001514"
"P1812000334647","High-Quality Vacuum Cleaner","yes",419,25.99,"S1212000029689","C1912000001514"
"P1812000255317","Versatile Washing Machine","yes",64,35.99,"S1212000092523","C1912000001514"
"P1812000070846","Sleek Refrigerator","no",0,28.99,"S1212000092523","C1912000001514"
"P1812000094385","Compact Air Purifier","yes",495,37.99,"S1212000113277","C1912000001514"
"P1812000422276","High-Quality Vacuum Cleaner","yes",124,22.99,"S1212000106989","C1912000001514"
"P1812000022939","Powerful Washing Machine","yes",13,28.99,"S1212000092523","C1912000001514"
"P1812000006917","Fashionable Air Purifier","yes",67,40.99,"S1212000140254","C1912000001514"
"P1812000174119","Premium Blender","yes",130,24.99,"S1212000140254","C1912000001514"
"P1812000266652","Compact Blender","yes",295,25.99,"S1212000113277","C1912000001514"
"P1812000118825","Advanced Vacuum Cleaner","yes",135,22.99,"S1212000143425","C1912000001514"
"P1812000079917","Practical Vacuum Cleaner","yes",378,33.99,"S1212000113277","C1912000001514"
"P1812000475795","Reliable Washing Machine","yes",320,31.99,"S1212000106989","C1912000001514"
"P1812000269597","Eco-Friendly Washing Machine","yes",251,34.99,"S1212000106989","C1912000001514"
"P1812000069873","Trendy Vacuum Cleaner","yes",211,26.99,"S1212000143425","C1912000001514"
"P1812000402986","Stylish Air Purifier","yes",371,27.99,"S1212000006917","C1912000001514"
"P1812000335574","Robust Refrigerator","yes",185,28.99,"S1212000092523","C1912000001514"
"P1812000085854","Fashionable Refrigerator","yes",89,27.99,"S1212000140254","C1912000001514"
"P1812000314240","Robust Air Purifier","yes",357,26.99,"S1212000140254","C1912000001514"
"P1812000128961","Stylish Hand Mixer","yes",284,40.99,"S1212000092523","C1912000001514"
"P1812000073953","Dynamic Blender","yes",327,26.99,"S1212000106989","C1912000001514"
"P1812000158659","Robust Refrigerator","yes",0,25.99,"S1212000143425","C1912000001514"
"P1812000036643","Sleek Hand Mixer","yes",0,26.99,"S1212000092523","C1912000001514"
"P1812000052674","Ergonomic Air Purifier","yes",136,24.99,"S1212000092523","C1912000001514"
"P1812000374129","Affordable Refrigerator","yes",240,28.99,"S1212000092523","C1912000001514"
"P1812000026748","Comfortable Blender","yes",396,39.99,"S1212000006917","C1912000001514"
"P1812000495711","Eco-Friendly Air Purifier","yes",306,32.99,"S1212000006917","C1912000001514"
"P1812000499562","Elegant Hand Mixer","yes",133,25.99,"S1212000113277","C1912000001514"
"P1812000139490","Premium Air Purifier","yes",386,29.99,"S1212000106989","C1912000001514"
"P1812000219251","Fashionable Hand Mixer","yes",117,30.99,"S1212000029689","C1912000001514"
"P1812000460725","High-Performance Refrigerator","yes",321,30.99,"S1212000092523","C1912000001514"
"P1812000288154","High-Quality Air Purifier","yes",46,34.99,"S1212000029689","C1912000001514"
"P1812000328521","Ergonomic Hand Mixer","yes",399,32.99,"S1212000029689","C1912000001514"
"P1812000383564","High-Quality Washing Machine","no",0,27.99,"S1212000006917","C1912000001514"
"P1812000037589","Versatile Vacuum Cleaner","yes",489,35.99,"S1212000143425","C1912000001514"
"P1812000170883","Elegant Air Purifier","yes",386,37.99,"S1212000029689","C1912000001514"
"P1812000306567","Modern Vacuum Cleaner","yes",296,35.99,"S1212000140254","C1912000001514"
"P1812000077308","Practical Vacuum Cleaner","yes",313,27.99,"S1212000092523","C1912000001514"
"P1812000105762","Elegant Vacuum Cleaner","yes",36,41.99,"S1212000106989","C1912000001514"
"P1812000226864","Sophisticated Vacuum Cleaner","yes",254,30.99,"S1212000029689","C1912000001514"
"P1812000456408","User-Friendly Hand Mixer","yes",0,37.99,"S1212000106989","C1912000001514"
"P1812000487339","Fashionable Hand Mixer","yes",437,29.99,"S1212000106989","C1912000001514"
"P1812000083168","Sleek Blender","yes",386,34.99,"S1212000092523","C1912000001514"
"P1812000433221","Fashionable Refrigerator","yes",5,38.99,"S1212000143425","C1912000001514"
"P1812000246556","Comfortable Blender","yes",313,32.99,"S1212000092523","C1912000001514"
"P1812000342549","Fashionable Blender","yes",132,39.99,"S1212000113277","C1912000001514"
"P1812000369376","Futuristic Vacuum Cleaner","no",0,25.99,"S1212000143425","C1912000001514"
"P1812000091390","Robust Washing Machine","no",0,32.99,"S1212000029689","C1912000001514"
"P1812000074138","Efficient Washing Machine","yes",0,40.99,"S1212000140254","C1912000001514"
"P1812000157837","Fashionable Vacuum Cleaner","no",0,35.99,"S1212000113277","C1912000001514"
"P1812000132718","Stylish Refrigerator","yes",236,35.99,"S1212000092523","C1912000001514"
"P1812000258797","Practical Vacuum Cleaner","yes",0,33.99,"S1212000006917","C1912000001514"
"P1812000387195","Elegant Vacuum Cleaner","yes",52,32.99,"S1212000006917","C1912000001514"
"P1812000268489","Sleek Hand Mixer","yes",185,24.99,"S1212000113277","C1912000001514"
"P1812000197860","Elegant Vacuum Cleaner","yes",458,38.99,"S1212000029689","C1912000001514"
"P1812000020748","Innovative Blender","yes",7,37.99,"S1212000006917","C1912000001514"
"P1812000486589","Compact Hand Mixer","no",0,39.99,"S1212000113277","C1912000001514"
"P1812000121785","Fashionable Hand Mixer","yes",485,27.99,"S1212000106989","C1912000001514"
"P1812000048389","Elegant Air Purifier","yes",74,37.99,"S1212000140254","C1912000001514"
"P1812000346906","Fashionable Washing Machine","no",0,24.99,"S1212000140254","C1912000001514"
"P1812000438593","Robust Air Purifier","yes",303,37.99,"S1212000140254","C1912000001514"
"P1812000249378","Sleek Vacuum Cleaner","yes",0,31.99,"S1212000006917","C1912000001514"
"P1812000492109","Sleek Refrigerator","yes",340,38.99,"S1212000140254","C1912000001514"
"P1812000327333","Fashionable Blender","yes",220,31.99,"S1212000006917","C1912000001514"
"P1812000123913","Compact Washing Machine","yes",267,29.99,"S1212000006917","C1912000001514"
"P1812000050171","Portable Vacuum Cleaner","yes",194,23.99,"S1212000029689","C1912000001514"
"P1812000358704","Eco-Friendly Blender","yes",118,26.99,"S1212000029689","C1912000001514"
"P1812000472303","Stylish Makeup Kit","yes",216,2.99,"S1212000102579","C1912000002562"
"P1812000392247","Stylish Perfume","yes",311,2.99,"S1212000157837","C1912000002562"
"P1812000071555","Eco-Friendly Makeup Kit","yes",0,2.99,"S1212000157837","C1912000002562"
"P1812000060562","Sustainable Face Cream","yes",16,2.99,"S1212000058393","C1912000002562"
"P1812000055964","Fashionable Razor","yes",0,2.99,"S1212000102579","C1912000002562"
"P1812000143425","Futuristic Razor","yes",181,3.99,"S1212000058393","C1912000002562"
"P1812000351391","Eco-Friendly Face Cream","yes",13,3.99,"S1212000157837","C1912000002562"
"P1812000396692","Eco-Friendly Makeup Kit","yes",351,2.99,"S1212000018190","C1912000002562"
"P1812000230408","Sleek Perfume","no",0,2.99,"S1212000018190","C1912000002562"
"P1812000201349","Innovative Razor","yes",475,3.99,"S1212000102579","C1912000002562"
"P1812000470361","Fashionable Makeup Kit","yes",165,2.99,"S1212000058393","C1912000002562"
"P1812000336390","Sleek Perfume","yes",306,2.99,"S1212000058393","C1912000002562"
"P1812000477766","Elegant Face Cream","no",0,2.99,"S1212000157837","C1912000002562"
"P1812000030692","Advanced Makeup Kit","yes",0,3.99,"S1212000067215","C1912000002562"
"P1812000126977","Sustainable Perfume","yes",138,3.99,"S1212000067215","C1912000002562"
"P1812000353889","Eco-Friendly Razor","yes",25,2.99,"S1212000069873","C1912000002562"
"P1812000444199","Sleek Perfume","yes",251,3.99,"S1212000102579","C1912000002562"
"P1812000221153","Gorgeous Perfume","yes",253,3.99,"S1212000157837","C1912000002562"
"P1812000464425","Powerful Razor","yes",174,2.99,"S1212000058393","C1912000002562"
"P1812000425677","Fashionable Makeup Kit","yes",193,2.99,"S1212000069873","C1912000002562"
"P1812000086508","Eco-Friendly Perfume","yes",89,3.99,"S1212000018190","C1912000002562"
"P1812000080133","Fashionable Perfume","yes",23,2.99,"S1212000069873","C1912000002562"
"P1812000348386","Fashionable Face Cream","yes",155,3.99,"S1212000069873","C1912000002562"
"P1812000469986","Dynamic Razor","yes",387,2.99,"S1212000069873","C1912000002562"
"P1812000133576","Durable Face Cream","yes",419,3.99,"S1212000157837","C1912000002562"
"P1812000301920","Sleek Perfume","yes",361,3.99,"S1212000058393","C1912000002562"
"P1812000405463","Trendy Face Cream","yes",488,2.99,"S1212000018190","C1912000002562"
"P1812000420563","Compact Face Cream","yes",62,3.99,"S1212000058393","C1912000002562"
"P1812000124409","Advanced Face Cream","yes",48,2.99,"S1212000058393","C1912000002562"
"P1812000371175","Portable Razor","yes",357,2.99,"S1212000058393","C1912000002562"
"P1812000489731","Elegant Face Cream","yes",165,3.99,"S1212000067215","C1912000002562"
"P1812000329607","Futuristic Perfume","yes",198,3.99,"S1212000058393","C1912000002562"
"P1812000370308","Portable Makeup Kit","yes",282,3.99,"S1212000069873","C1912000002562"
"P1812000092523","Sleek Makeup Kit","yes",439,2.99,"S1212000102579","C1912000002562"
"P1812000279772","Ergonomic Perfume","yes",423,3.99,"S1212000018190","C1912000002562"
"P1812000320687","Sleek Razor","yes",130,2.99,"S1212000082112","C1912000002562"
"P1812000482721","Elegant Razor","yes",462,2.99,"S1212000067215","C1912000002562"
"P1812000285216","Reliable Face Cream","yes",253,3.99,"S1212000102579","C1912000002562"
"P1812000247716","High-Performance Face Cream","yes",86,2.99,"S1212000102579","C1912000002562"
"P1812000458207","Elegant Perfume","yes",102,2.99,"S1212000069873","C1912000002562"
"P1812000110747","Eco-Friendly Razor","yes",81,3.99,"S1212000067215","C1912000002562"
"P1812000373902","Robust Razor","yes",0,3.99,"S1212000102579","C1912000002562"
"P1812000271770","Dynamic Printer","yes",4,31.99,"S1212000107946","C1912000004625"
"P1812000149942","Dynamic Laptop","yes",203,33.99,"S1212000107946","C1912000004625"
"P1812000315123","Powerful Printer","yes",176,26.99,"S1212000147888","C1912000004625"
"P1812000430745","Flexible Printer","no",0,23.99,"S1212000147888","C1912000004625"
"P1812000184926","Elegant Laptop","yes",122,26.99,"S1212000107946","C1912000004625"
"P1812000292757","Stylish Laptop","yes",293,33.99,"S1212000107946","C1912000004625"
"P1812000276759","Reliable Printer","yes",0,39.99,"S1212000107946","C1912000004625"
"P1812000098257","Sleek Printer","yes",122,28.99,"S1212000107946","C1912000004625"
"P1812000443430","Innovative Printer","yes",375,37.99,"S1212000107946","C1912000004625"
"P1812000417519","Sustainable Laptop","yes",12,27.99,"S1212000147888","C1912000004625"
"P1812000311357","Trendy Laptop","yes",413,29.99,"S1212000107946","C1912000004625"
"P1812000144883","Practical Laptop","yes",358,29.99,"S1212000107946","C1912000004625"
"P1812000138259","Luxurious Laptop","yes",304,31.99,"S1212000147888","C1912000004625"
"P1812000054821","Practical Television","yes",353,70.99,"S1212000078473","C1912000005294"
"P1812000349833","Sustainable Television","yes",455,69.99,"S1212000007217","C1912000005294"
"P1812000015702","Powerful Television","yes",328,65.99,"S1212000080133","C1912000005294"
"P1812000068705","Affordable Earphones","yes",497,52.99,"S1212000078473","C1912000005294"
"P1812000168705","Compact Earphones","yes",348,46.99,"S1212000007217","C1912000005294"
"P1812000463405","User-Friendly Earphones","yes",2,69.99,"S1212000007217","C1912000005294"
"P1812000097209","Stylish Headphones","yes",216,63.99,"S1212000080133","C1912000005294"
"P1812000223334","Sleek Headphones","yes",493,66.99,"S1212000045323","C1912000005294"
"P1812000256717","Ergonomic Speaker","yes",170,57.99,"S1212000078473","C1912000005294"
"P1812000228726","Compact Earphones","yes",453,58.99,"S1212000100582","C1912000005294"
"P1812000082112","Practical Television","yes",139,68.99,"S1212000080133","C1912000005294"
"P1812000014701","Flexible Gaming Console","yes",190,47.99,"S1212000045323","C1912000005294"
"P1812000338442","Practical Headphones","yes",204,64.99,"S1212000012473","C1912000005294"
"P1812000127342","Fashionable Gaming Console","yes",482,44.99,"S1212000007217","C1912000005294"
"P1812000206480","Fashionable Gaming Console","yes",59,55.99,"S1212000100582","C1912000005294"
"P1812000378422","Durable Television","yes",280,55.99,"S1212000012473","C1912000005294"
"P1812000236663","Chic Speaker","yes",491,57.99,"S1212000012473","C1912000005294"
"P1812000376274","Versatile Headphones","no",0,64.99,"S1212000080133","C1912000005294"
"P1812000081615","Stylish Gaming Console","yes",369,67.99,"S1212000012473","C1912000005294"
"P1812000187732","Innovative Headphones","yes",209,44.99,"S1212000045323","C1912000005294"
"P1812000119226","Gorgeous Television","yes",271,48.99,"S1212000095770","C1912000005294"
"P1812000016867","Compact Gaming Console","yes",71,65.99,"S1212000012473","C1912000005294"
"P1812000243567","Robust Television","yes",177,63.99,"S1212000012473","C1912000005294"
"P1812000485154","Comfortable Television","yes",351,46.99,"S1212000078473","C1912000005294"
"P1812000308448","Sleek Gaming Console","yes",379,42.99,"S1212000012473","C1912000005294"
"P1812000491403","Fashionable Television","yes",500,58.99,"S1212000078473","C1912000005294"
"P1812000023125","Futuristic Headphones","yes",340,59.99,"S1212000007217","C1912000005294"
"P1812000440859","Versatile Headphones","yes",218,68.99,"S1212000007217","C1912000005294"
"P1812000462640","Eco-Friendly Earphones","yes",296,53.99,"S1212000012473","C1912000005294"
"P1812000078473","Affordable Earphones","yes",176,43.99,"S1212000100582","C1912000005294"
"P1812000025525","Sophisticated Speaker","no",0,60.99,"S1212000007217","C1912000005294"
"P1812000093979","Sophisticated Speaker","yes",457,44.99,"S1212000012473","C1912000005294"
"P1812000321476","Flexible Speaker","yes",355,64.99,"S1212000012473","C1912000005294"
"P1812000202903","Versatile Speaker","yes",0,64.99,"S1212000007217","C1912000005294"
"P1812000003278","Sophisticated Speaker","yes",208,42.99,"S1212000080133","C1912000005294"
"P1812000056958","Luxurious Gaming Console","yes",344,49.99,"S1212000080133","C1912000005294"
"P1812000263618","Reliable Speaker","yes",454,68.99,"S1212000100582","C1912000005294"
"P1812000232304","Stylish Earphones","yes",0,58.99,"S1212000012473","C1912000005294"
"P1812000033472","Dynamic Gaming Console","yes",249,54.99,"S1212000095770","C1912000005294"
"P1812000142104","Stylish Gaming Console","yes",237,51.99,"S1212000080133","C1912000005294"
"P1812000172409","Stylish Speaker","no",0,53.99,"S1212000080133","C1912000005294"
"P1812000238490","Innovative Gaming Console","yes",252,67.99,"S1212000007217","C1912000005294"
"P1812000103810","Versatile Earphones","no",0,46.99,"S1212000078473","C1912000005294"
"P1812000481678","Sleek Headphones","yes",495,39.99,"S1212000080133","C1912000005294"
"P1812000404724","Flexible Headphones","yes",0,69.99,"S1212000078473","C1912000005294"
"P1812000147888","Powerful Headphones","yes",203,70.99,"S1212000012473","C1912000005294"
"P1812000106989","Dynamic Speaker","yes",25,56.99,"S1212000100582","C1912000005294"
"P1812000363264","Reliable Headphones","yes",400,41.99,"S1212000095770","C1912000005294"
"P1812000114461","Sleek Speaker","yes",256,42.99,"S1212000045323","C1912000005294"
"P1812000087407","Robust Speaker","no",0,43.99,"S1212000045323","C1912000005294"
"P1812000494521","Elegant Gaming Console","yes",57,53.99,"S1212000078473","C1912000005294"
"P1812000179151","Modern Television","yes",194,40.99,"S1212000045323","C1912000005294"
"P1812000332179","Luxurious Speaker","yes",482,39.99,"S1212000080133","C1912000005294"
"P1812000347321","Stylish Television","yes",0,43.99,"S1212000078473","C1912000005294"
"P1812000359736","Elegant Gaming Console","yes",282,45.99,"S1212000078473","C1912000005294"
"P1812000171443","Affordable Television","yes",366,51.99,"S1212000045323","C1912000005294"
"P1812000146899","Sustainable Earphones","no",0,59.99,"S1212000045323","C1912000005294"
"P1812000410130","Premium Headphones","no",0,70.99,"S1212000007217","C1912000005294"
"P1812000317229","Dynamic Television","yes",490,66.99,"S1212000012473","C1912000005294"
"P1812000273756","Fashionable Gaming Console","yes",208,66.99,"S1212000078473","C1912000005294"
"P1812000169599","Innovative Headphones","yes",40,52.99,"S1212000007217","C1912000005294"
"P1812000453567","Stylish Speaker","yes",213,42.99,"S1212000045323","C1912000005294"
"P1812000439964","Eco-Friendly Earphones","no",0,70.99,"S1212000007217","C1912000005294"
"P1812000150337","Eco-Friendly Yoga Mat","yes",157,3.99,"S1212000117429","C1912000006917"
"P1812000431563","Stylish Fitness Tracker","yes",0,4.99,"S1212000117429","C1912000006917"
"P1812000465173","Premium Fitness Tracker","yes",275,3.99,"S1212000003278","C1912000006917"
"P1812000280677","Modern Gym Equipment","yes",30,3.99,"S1212000063189","C1912000006917"
"P1812000408560","Eco-Friendly Fitness Tracker","yes",241,4.99,"S1212000035242","C1912000006917"
"P1812000490961","Flexible Yoga Mat","yes",268,2.99,"S1212000063189","C1912000006917"
"P1812000295233","Eco-Friendly Yoga Mat","yes",355,2.99,"S1212000196809","C1912000006917"
"P1812000191976","Sleek Gym Equipment","no",0,3.99,"S1212000003278","C1912000006917"
"P1812000028310","Trendy Gym Equipment","yes",249,3.99,"S1212000119226","C1912000006917"
"P1812000120311","Sleek Fitness Tracker","yes",218,2.99,"S1212000003278","C1912000006917"
"P1812000096220","Innovative Yoga Mat","yes",419,3.99,"S1212000135765","C1912000006917"
"P1812000167385","Stylish Fitness Tracker","yes",104,2.99,"S1212000196809","C1912000006917"
"P1812000449379","Gorgeous Yoga Mat","no",0,2.99,"S1212000200771","C1912000006917"
"P1812000367495","Elegant Fitness Tracker","yes",262,2.99,"S1212000117429","C1912000006917"
"P1812000034943","Innovative Fitness Tracker","yes",247,4.99,"S1212000196809","C1912000006917"
"P1812000264856","Stylish Fitness Tracker","yes",154,3.99,"S1212000200771","C1912000006917"
"P1812000265765","Sleek Running Shoes","yes",157,4.99,"S1212000035242","C1912000006917"
"P1812000108184","Affordable Running Shoes","no",0,3.99,"S1212000196809","C1912000006917"
"P1812000104166","Stylish Yoga Mat","yes",143,4.99,"S1212000003278","C1912000006917"
"P1812000281615","Modern Running Shoes","yes",277,2.99,"S1212000119226","C1912000006917"
"P1812000284488","Stylish Fitness Tracker","yes",125,3.99,"S1212000035242","C1912000006917"
"P1812000005294","Stylish Fitness Tracker","yes",279,3.99,"S1212000035242","C1912000006917"
"P1812000313485","Sleek Gym Equipment","yes",489,4.99,"S1212000135765","C1912000006917"
"P1812000493764","Flexible Fitness Tracker","yes",261,3.99,"S1212000003278","C1912000006917"
"P1812000421511","Fashionable Fitness Tracker","no",0,2.99,"S1212000035242","C1912000006917"
"P1812000140254","Innovative Running Shoes","no",0,3.99,"S1212000196809","C1912000006917"
"P1812000035242","Powerful Gym Equipment","yes",420,3.99,"S1212000117429","C1912000006917"
"P1812000283324","Gorgeous Fitness Tracker","yes",0,2.99,"S1212000035242","C1912000006917"
"P1812000198811","Reliable Fitness Tracker","yes",379,2.99,"S1212000035242","C1912000006917"
"P1812000434498","Compact Fitness Tracker","no",0,2.99,"S1212000035242","C1912000006917"
"P1812000445207","Practical Running Shoes","no",0,2.99,"S1212000135765","C1912000006917"
"P1812000305810","Eco-Friendly Running Shoes","yes",343,3.99,"S1212000003278","C1912000006917"
"P1812000129946","Fashionable Running Shoes","yes",134,3.99,"S1212000111150","C1912000006917"
"P1812000323269","Fashionable Gym Equipment","no",0,3.99,"S1212000120311","C1912000006917"
"P1812000075258","Portable Yoga Mat","yes",450,3.99,"S1212000120311","C1912000006917"
"P1812000012473","Durable Luggage","yes",0,3.99,"S1212000199527","C1912000007217"
"P1812000267823","Innovative Tablet","yes",0,3.99,"S1212000108184","C1912000007217"
"P1812000024618","Innovative Alarm Clock","yes",201,3.99,"S1212000199527","C1912000007217"
"P1812000029689","High-Quality Cookware Set","yes",359,3.99,"S1212000192805","C1912000007217"
"P1812000046265","Compact Luggage","yes",16,3.99,"S1212000192805","C1912000007217"
"P1812000007217","High-Performance Luggage","yes",70,3.99,"S1212000192805","C1912000007217"
"P1812000389496","User-Friendly Couch","yes",271,3.99,"S1212000108184","C1912000007217"
"P1812000063189","Robust Luggage","yes",98,4.99,"S1212000199527","C1912000007217"
"P1812000319802","Elegant Mattress","yes",266,3.99,"S1212000108184","C1912000007217"
"P1812000199527","Powerful Mattress","yes",117,4.99,"S1212000108184","C1912000007217"
"P1812000175971","Elegant Dining Table","yes",128,2.99,"S1212000108184","C1912000007217"
"P1812000040941","Innovative Luggage","yes",184,3.99,"S1212000108184","C1912000007217"
"P1812000391841","Futuristic Curtains","yes",221,4.99,"S1212000055964","C1912000007217"
"P1812000042408","Fashionable Desk","yes",332,2.99,"S1212000055964","C1912000007217"
"P1812000160182","Practical Dining Table","yes",364,2.99,"S1212000108184","C1912000007217"
"P1812000058393","Sleek Alarm Clock","yes",0,4.99,"S1212000055964","C1912000007217"
"P1812000368965","Modern Desk","yes",149,2.99,"S1212000055964","C1912000007217"
"P1812000154921","Trendy Mattress","yes",328,4.99,"S1212000055964","C1912000007217"
"P1812000384457","Flexible Dining Table","yes",318,3.99,"S1212000199527","C1912000007217"
"P1812000130891","Innovative Dining Table","yes",12,2.99,"S1212000055964","C1912000007217"
"P1812000049680","High-Quality Alarm Clock","yes",243,3.99,"S1212000055964","C1912000007217"
"P1812000252745","Ergonomic Luggage","yes",236,4.99,"S1212000055964","C1912000007217"
"P1812000011113","Chic Bed","yes",235,3.99,"S1212000055964","C1912000007217"
"P1812000213364","Practical Luggage","yes",205,4.99,"S1212000055964","C1912000007217"
"P1812000497892","Durable Tablet","yes",179,3.99,"S1212000199527","C1912000007217"
"P1812000041122","Chic Dining Table","yes",369,4.99,"S1212000199527","C1912000007217"
"P1812000189401","Sophisticated Couch","yes",140,3.99,"S1212000108184","C1912000007217"
"P1812000043234","Fashionable Curtains","yes",398,4.99,"S1212000055964","C1912000007217"
"P1812000488990","Compact Couch","yes",0,4.99,"S1212000055964","C1912000007217"
"P1812000461360","Trendy Couch","yes",163,4.99,"S1212000055964","C1912000007217"
"P1812000207644","Ergonomic Dining Table","yes",30,2.99,"S1212000192805","C1912000007217"
"P1812000208139","Compact Couch","yes",144,3.99,"S1212000192805","C1912000007217"
"P1812000062530","User-Friendly Curtains","yes",167,3.99,"S1212000199527","C1912000007217"
"P1812000303920","Stylish Bed","yes",416,3.99,"S1212000055964","C1912000007217"
"P1812000224388","High-Performance Tablet","yes",0,3.99,"S1212000055964","C1912000007217"
"P1812000427303","Robust Luggage","yes",496,2.99,"S1212000055964","C1912000007217"
"P1812000065322","Fashionable Couch","yes",494,3.99,"S1212000055964","C1912000007217"
"P1812000066627","Elegant Alarm Clock","yes",348,3.99,"S1212000108184","C1912000007217"
"P1812000053240","Chic Alarm Clock","yes",289,3.99,"S1212000055964","C1912000007217"
"P1812000242259","Compact Couch","yes",15,4.99,"S1212000192805","C1912000007217"
"P1812000190696","User-Friendly Tablet","yes",463,2.99,"S1212000108184","C1912000007217"
"P1812000380476","Ergonomic Curtains","yes",65,4.99,"S1212000108184","C1912000007217"
"P1812000031654","Fashionable Cookware Set","yes",73,4.99,"S1212000199527","C1912000007217"
"P1812000220930","Eco-Friendly Pillow","yes",457,4.99,"S1212000108184","C1912000007217"
"P1812000436414","Stylish Cookware Set","yes",26,4.99,"S1212000199527","C1912000007217"
"P1812000182276","Stylish Bed","yes",215,3.99,"S1212000199527","C1912000007217"
"P1812000196809","Practical Couch","yes",61,4.99,"S1212000055964","C1912000007217"
"P1812000318264","Affordable Tablet","yes",0,4.99,"S1212000192805","C1912000007217"
"P1812000117429","Robust Curtains","yes",417,3.99,"S1212000192805","C1912000007217"
"P1812000360910","Trendy Dining Table","yes",0,3.99,"S1212000192805","C1912000007217"
"P1812000200771","Innovative Desk","yes",0,3.99,"S1212000108184","C1912000007217"
"P1812000442147","Fashionable Dining Table","yes",326,2.99,"S1212000108184","C1912000007217"
"P1812000107946","Versatile Tablet","no",0,2.99,"S1212000199527","C1912000007217"
"P1812000122884","Innovative Dining Table","yes",343,3.99,"S1212000192805","C1912000007217"
"P1812000002562","Advanced Couch","no",0,4.99,"S1212000192805","C1912000007217"
"P1812000165868","Eco-Friendly Tablet","yes",298,3.99,"S1212000055964","C1912000007217"
"P1812000166779","Fashionable Tablet","yes",152,3.99,"S1212000055964","C1912000007217"
"P1812000287747","High-Performance Bed","yes",386,4.99,"S1212000055964","C1912000007217"
"P1812000155236","Efficient Pillow","yes",481,4.99,"S1212000192805","C1912000007217"
"P1812000290696","Stylish Luggage","yes",438,3.99,"S1212000199527","C1912000007217"
"P1812000089188","Sleek Bed","no",0,3.99,"S1212000192805","C1912000007217"
"P1812000413193","Durable Bed","no",0,4.99,"S1212000055964","C1912000007217"
"P1812000212224","Premium Tablet","yes",175,4.99,"S1212000199527","C1912000007217"
"P1812000253446","Modern Curtains","yes",72,3.99,"S1212000108184","C1912000007217"
"P1812000214874","Sustainable Pillow","yes",439,4.99,"S1212000108184","C1912000007217"
"P1812000254228","Efficient Desk","yes",259,3.99,"S1212000055964","C1912000007217"
"P1812000390503","Advanced Cookware Set","yes",167,3.99,"S1212000108184","C1912000007217"
"P1812000379214","Innovative Cookware Set","yes",200,3.99,"S1212000108184","C1912000007217"
"P1812000459107","Sleek Pillow","yes",92,3.99,"S1212000108184","C1912000007217"
"P1812000192805","Ergonomic Couch","yes",398,3.99,"S1212000192805","C1912000007217"
"P1812000300546","Chic Couch","yes",0,3.99,"S1212000199527","C1912000007217"
"P1812000355783","Eco-Friendly Tablet","yes",181,4.99,"S1212000199527","C1912000007217"
"P1812000101576","High-Performance Couch","yes",460,3.99,"S1212000192805","C1912000007217"
"P1812000222637","Powerful Luggage","yes",227,3.99,"S1212000055964","C1912000007217"
"P1812000183653","Compact Luggage","yes",261,3.99,"S1212000199527","C1912000007217"
"P1812000225284","Sleek Cookware Set","yes",0,2.99,"S1212000199527","C1912000007217"
"P1812000468366","Versatile Desk","yes",87,4.99,"S1212000108184","C1912000007217"
"P1812000227512","Stylish Bed","yes",432,3.99,"S1212000192805","C1912000007217"
"P1812000186622","Fashionable Desk","yes",114,4.99,"S1212000055964","C1912000007217"
"P1812000403110","Gorgeous Pillow","yes",301,4.99,"S1212000108184","C1912000007217"
"P1812000162978","Gorgeous Tablet","yes",464,3.99,"S1212000055964","C1912000007217"
"P1812000432483","Stylish Tablet","yes",472,4.99,"S1212000108184","C1912000007217"
"P1812000164295","Eco-Friendly Mattress","no",0,4.99,"S1212000192805","C1912000007217"
"P1812000032970","Stylish Bed","yes",224,3.99,"S1212000199527","C1912000007217"
"P1812000394491","Ergonomic Dining Table","yes",377,3.99,"S1212000192805","C1912000007217"
"P1812000356396","Robust Luggage","yes",384,4.99,"S1212000199527","C1912000007217"
"P1812000316565","Innovative Luggage","yes",188,3.99,"S1212000055964","C1912000007217"
"P1812000116709","Stylish Couch","yes",75,3.99,"S1212000108184","C1912000007217"
"P1812000278337","Comfortable Couch","yes",371,3.99,"S1212000055964","C1912000007217"
"P1812000331163","Dynamic Curtains","yes",0,4.99,"S1212000199527","C1912000007217"
"P1812000361138","Versatile Bed","yes",396,3.99,"S1212000199527","C1912000007217"
"P1812000454926","Elegant Bed","yes",0,3.99,"S1212000192805","C1912000007217"
"P1812000429472","Gorgeous Desk","yes",39,4.99,"S1212000199527","C1912000007217"
"P1812000307309","Elegant Alarm Clock","yes",424,4.99,"S1212000108184","C1912000007217"
"P1812000163138","Premium Tablet","yes",266,4.99,"S1212000199527","C1912000007217"
"P1812000095770","Fashionable Alarm Clock","yes",316,3.99,"S1212000192805","C1912000007217"
"P1812000448269","Affordable Luggage","yes",335,2.99,"S1212000108184","C1912000007217"
"P1812000406485","Reliable Bed","yes",441,4.99,"S1212000055964","C1912000007217"
"P1812000193718","Fashionable Alarm Clock","yes",130,3.99,"S1212000108184","C1912000007217"
"P1812000450447","Trendy Tablet","yes",379,4.99,"S1212000199527","C1912000007217"
"P1812000411214","Elegant Bed","yes",202,3.99,"S1212000199527","C1912000007217"
"P1812000372193","Sleek Desk","yes",363,4.99,"S1212000108184","C1912000007217"
"P1812000466381","Fashionable Luggage","no",0,4.99,"S1212000192805","C1912000007217"
"P1812000051687","Reliable Tablet","yes",149,3.99,"S1212000192805","C1912000007217"
"P1812000330979","High-Quality Tablet","yes",61,3.99,"S1212000199527","C1912000007217"
"P1812000455748","Advanced Alarm Clock","yes",0,3.99,"S1212000192805","C1912000007217"
"P1812000352325","Fashionable Bed","yes",392,3.99,"S1212000055964","C1912000007217"
"P1812000419516","Premium Luggage","yes",0,3.99,"S1212000055964","C1912000007217"
"P1812000364718","Fashionable Mattress","yes",138,3.99,"S1212000108184","C1912000007217"
"P1812000111150","Stylish Luggage","yes",386,3.99,"S1212000108184","C1912000007217"
"P1812000156554","Sleek Luggage","yes",348,4.99,"S1212000192805","C1912000007217"
"P1812000272960","Flexible Curtains","yes",10,3.99,"S1212000192805","C1912000007217"
"P1812000262638","Dynamic Curtains","yes",109,3.99,"S1212000192805","C1912000007217"
"P1812000181633","Portable Couch","no",0,3.99,"S1212000055964","C1912000007217"
"P1812000452308","High-Performance Bed","yes",67,4.99,"S1212000199527","C1912000007217"
"P1812000479551","Luxurious Luggage","yes",256,4.99,"S1212000199527","C1912000007217"
"P1812000145379","Trendy Luggage","yes",339,3.99,"S1212000199527","C1912000007217"
"P1812000435502","Innovative Couch","yes",425,4.99,"S1212000199527","C1912000007217"
"P1812000204497","Sleek Curtains","yes",299,4.99,"S1212000199527","C1912000007217"
"P1812000209621","Versatile Alarm Clock","yes",393,4.99,"S1212000108184","C1912000007217"
"P1812000291656","Compact Mattress","yes",266,3.99,"S1212000192805","C1912000007217"
"P1812000304930","Sleek Cookware Set","yes",395,3.99,"S1212000199527","C1912000007217"
"P1812000354989","Compact Luggage","yes",448,4.99,"S1212000055964","C1912000007217"
"P1812000210572","Portable Couch","yes",313,3.99,"S1212000199527","C1912000007217"
"P1812000261125","Luxurious Mattress","yes",121,3.99,"S1212000108184","C1912000007217"
"P1812000437358","Eco-Friendly Mattress","yes",284,3.99,"S1212000199527","C1912000007217"
"P1812000277262","Compact Mattress","yes",115,3.99,"S1212000055964","C1912000007217"
"P1812000234878","Compact Toy","yes",0,2.99,"S1212000068705","C1912000008398"
"P1812000310836","Powerful Baby Carrier","yes",5,2.99,"S1212000079917","C1912000008398"
"P1812000377473","User-Friendly Baby Carrier","yes",299,2.99,"S1212000068705","C1912000008398"
"P1812000180975","Fashionable Toy","no",0,2.99,"S1212000068705","C1912000008398"
"P1812000426661","Chic Toy","yes",83,2.99,"S1212000079917","C1912000008398"
"P1812000297972","Sleek Baby Carrier","yes",11,2.99,"S1212000079917","C1912000008398"
"P1812000386523","High-Quality Baby Monitor","yes",156,1.99,"S1212000079917","C1912000008398"
"P1812000161795","User-Friendly Toy","yes",72,2.99,"S1212000079917","C1912000008398"
"P1812000340578","Stylish Toy","yes",0,1.99,"S1212000079917","C1912000008398"
"P1812000134250","Compact Baby Monitor","yes",264,2.99,"S1212000079917","C1912000008398"
"P1812000274520","Innovative Baby Stroller","yes",439,2.99,"S1212000068705","C1912000008398"
"P1812000260896","Practical Toy","yes",494,2.99,"S1212000068705","C1912000008398"
"P1812000102579","Elegant Baby Monitor","yes",0,2.99,"S1212000079917","C1912000008398"
"P1812000152438","Futuristic Baby Stroller","yes",155,2.99,"S1212000079917","C1912000008398"
"P1812000375316","Robust Baby Monitor","yes",332,2.99,"S1212000079917","C1912000008398"
"P1812000476451","Modern Baby Monitor","yes",224,2.99,"S1212000079917","C1912000008398"
"P1812000428274","Efficient Baby Monitor","no",0,2.99,"S1212000079917","C1912000008398"
"P1812000109264","High-Quality Baby Carrier","yes",0,2.99,"S1212000079917","C1912000008398"
"P1812000013764","Chic Toy","yes",225,2.99,"S1212000079917","C1912000008398"
"P1812000282429","Portable Baby Stroller","yes",475,2.99,"S1212000068705","C1912000008398"
"P1812000017808","Sleek Baby Monitor","yes",79,2.99,"S1212000079917","C1912000008398"
"P1812000299856","Chic Baby Stroller","yes",239,2.99,"S1212000068705","C1912000008398"
"P1812000500279","Eco-Friendly Baby Monitor","no",0,2.99,"S1212000079917","C1912000008398"
"P1812000159688","Robust Toy","yes",63,1.99,"S1212000079917","C1912000008398"
"P1812000233974","Comfortable Baby Carrier","yes",390,2.99,"S1212000079917","C1912000008398"
"P1812000333582","Comfortable Baby Monitor","yes",433,2.99,"S1212000068705","C1912000008398"
"P1812000344890","Fashionable Toy","yes",271,2.99,"S1212000079917","C1912000008398"
"P1812000188491","Dynamic Toy","yes",283,1.99,"S1212000079917","C1912000008398"
"P1812000239508","Sustainable Toy","no",0,2.99,"S1212000079917","C1912000008398"
"P1812000045323","Dynamic Baby Carrier","yes",487,2.99,"S1212000068705","C1912000008398"
"P1812000039874","Chic Baby Monitor","yes",0,2.99,"S1212000079917","C1912000008398"
"P1812000325809","Dynamic Baby Stroller","no",0,2.99,"S1212000079917","C1912000008398"
"P1812000345416","Stylish Baby Stroller","yes",0,2.99,"S1212000079917","C1912000008398"
"P1812000294514","Fashionable Baby Stroller","no",0,2.99,"S1212000068705","C1912000008398"
"P1812000324544","Trendy Baby Stroller","yes",231,2.99,"S1212000068705","C1912000008398"
"P1812000237893","Luxurious Toy","yes",278,2.99,"S1212000068705","C1912000008398"
"P1812000137866","Fashionable Toy","yes",109,2.99,"S1212000068705","C1912000008398"
"P1812000480955","Innovative Baby Monitor","yes",273,2.99,"S1212000079917","C1912000008398"
"P1812000441388","Practical Baby Monitor","yes",220,1.99,"S1212000079917","C1912000008398"
"P1812000471835","Eco-Friendly Jacket","yes",0,2.99,"S1212000145379","C1912000009328"
"P1812000194688","Fashionable Sneakers","yes",0,3.99,"S1212000145379","C1912000009328"
"P1812000385781","Modern Sneakers","yes",74,3.99,"S1212000049680","C1912000009328"
"P1812000229621","Chic Backpack","no",0,2.99,"S1212000004625","C1912000009328"
"P1812000148666","Innovative Backpack","yes",0,3.99,"S1212000164295","C1912000009328"
"P1812000061140","Sleek Jacket","yes",260,2.99,"S1212000049680","C1912000009328"
"P1812000270321","Comfortable Jacket","yes",373,2.99,"S1212000004625","C1912000009328"
"P1812000113277","Stylish Shirt","yes",357,2.99,"S1212000049680","C1912000009328"
"P1812000395813","Ergonomic Backpack","no",0,2.99,"S1212000049680","C1912000009328"
"P1812000059376","Elegant Jacket","yes",483,2.99,"S1212000004625","C1912000009328"
"P1812000397546","Premium Jacket","yes",204,2.99,"S1212000164295","C1912000009328"
"P1812000424536","Chic Sneakers","yes",0,3.99,"S1212000145379","C1912000009328"
"P1812000176294","Stylish Sneakers","no",0,3.99,"S1212000164295","C1912000009328"
"P1812000467684","Robust Shirt","yes",289,2.99,"S1212000145379","C1912000009328"
"P1812000241445","Eco-Friendly Backpack","yes",292,3.99,"S1212000049680","C1912000009328"
"P1812000362336","Comfortable Shirt","no",0,2.99,"S1212000145379","C1912000009328"
"P1812000366182","Premium Sneakers","yes",431,2.99,"S1212000145379","C1912000009328"
"P1812000312276","Robust Backpack","yes",489,3.99,"S1212000049680","C1912000009328"
"P1812000483745","Versatile Shirt","yes",497,3.99,"S1212000164295","C1912000009328"
"P1812000218557","Sustainable Shirt","no",0,3.99,"S1212000049680","C1912000009328"
"P1812000409240","Powerful Backpack","yes",251,2.99,"S1212000145379","C1912000009328"
"P1812000357959","Sleek Sneakers","yes",181,2.99,"S1212000145379","C1912000009328"
"P1812000365132","Stylish Jacket","yes",261,3.99,"S1212000145379","C1912000009328"
"P1812000047316","Durable Jacket","yes",98,3.99,"S1212000049680","C1912000009328"
"P1812000251977","Stylish Shirt","yes",0,3.99,"S1212000049680","C1912000009328"
"P1812000185183","Elegant Sneakers","yes",262,2.99,"S1212000004625","C1912000009328"
"P1812000478218","Premium Backpack","yes",73,2.99,"S1212000004625","C1912000009328"
"P1812000400342","Dynamic Jacket","yes",156,2.99,"S1212000004625","C1912000009328"
"P1812000286636","Modern Backpack","yes",239,2.99,"S1212000049680","C1912000009328"
"P1812000044920","Practical Jacket","yes",330,2.99,"S1212000145379","C1912000009328"
"P1812000125843","Sleek Shirt","yes",281,3.99,"S1212000049680","C1912000009328"
"P1812000076851","Durable Jacket","yes",402,3.99,"S1212000004625","C1912000009328"
"P1812000009328","Practical Sneakers","yes",403,3.99,"S1212000004625","C1912000009328"
"P1812000136713","Gorgeous Jacket","yes",348,2.99,"S1212000049680","C1912000009328"
"P1812000038720","Sleek Sneakers","yes",34,3.99,"S1212000049680","C1912000009328"
"P1812000001514","Sleek Smartphone","yes",318,54.99,"S1212000056958","C1912000010343"
"P1812000244608","Sleek Smartwatch","yes",155,39.99,"S1212000056958","C1912000010343"
"P1812000446400","Efficient Smartwatch","yes",192,42.99,"S1212000023125","C1912000010343"
"P1812000084994","Sleek Smartphone","yes",46,60.99,"S1212000062530","C1912000010343"
"P1812000326973","High-Performance Smartwatch","yes",374,61.99,"S1212000122884","C1912000010343"
"P1812000019447","Sustainable Smartphone","yes",99,37.99,"S1212000146899","C1912000010343"
"P1812000141525","Elegant Smartwatch","yes",333,58.99,"S1212000122884","C1912000010343"
"P1812000250369","Practical Smartphone","yes",473,39.99,"S1212000056958","C1912000010343"
"P1812000398437","Innovative Smartwatch","no",0,60.99,"S1212000146899","C1912000010343"
"P1812000211299","Fashionable Smartphone","yes",64,51.99,"S1212000056958","C1912000010343"
"P1812000293781","Stylish Smartphone","no",0,64.99,"S1212000146899","C1912000010343"
"P1812000217351","Sleek Smartphone","yes",0,57.99,"S1212000146899","C1912000010343"
"P1812000416808","Versatile Smartwatch","yes",0,56.99,"S1212000056958","C1912000010343"
"P1812000027865","Fashionable Smartwatch","yes",462,52.99,"S1212000056958","C1912000010343"
"P1812000216672","Practical Smartwatch","yes",210,35.99,"S1212000062530","C1912000010343"
"P1812000112173","Comfortable Smartwatch","yes",51,45.99,"S1212000146899","C1912000010343"
"P1812000339422","Elegant Smartphone","yes",136,47.99,"S1212000023125","C1912000010343"
"P1812000393961","Stylish Smartwatch","yes",86,50.99,"S1212000146899","C1912000010343"
"P1812000072697","Comfortable Smartphone","yes",147,35.99,"S1212000056958","C1912000010343"
"P1812000309500","Stylish Smartphone","yes",0,38.99,"S1212000056958","C1912000010343"
"P1812000195529","Versatile Smartwatch","yes",143,57.99,"S1212000146899","C1912000010343"
"P1812000451501","Elegant Smartwatch","yes",57,36.99,"S1212000062530","C1912000010343"
"P1812000399843","Elegant Smartwatch","yes",73,55.99,"S1212000122884","C1912000010343"
"P1812000151863","Portable Smartphone","yes",33,47.99,"S1212000056958","C1912000010343"
"P1812000473822","Sophisticated Smartphone","yes",317,60.99,"S1212000146899","C1912000010343"
"P1812000302203","Sleek Smartwatch","yes",269,61.99,"S1212000056958","C1912000010343"
"P1812000382707","Flexible Smartwatch","yes",419,56.99,"S1212000056958","C1912000010343"
"P1812000337864","Robust Smartwatch","yes",74,58.99,"S1212000146899","C1912000010343"
"P1812000289316","Portable Calculator","yes",36,2.99,"S1212000169599","C1912000011113"
"P1812000100582","Luxurious Calculator","yes",426,1.99,"S1212000109264","C1912000011113"
"P1812000418277","Powerful Notebook","no",0,2.99,"S1212000169599","C1912000011113"
"P1812000498487","Premium Notebook","yes",163,2.99,"S1212000169599","C1912000011113"
"P1812000021454","Stylish Calculator","yes",256,1.99,"S1212000109264","C1912000011113"
"P1812000381949","User-Friendly Calculator","yes",471,2.99,"S1212000169599","C1912000011113"
"P1812000296810","User-Friendly Notebook","yes",135,1.99,"S1212000171443","C1912000011113"
"P1812000275156","Eco-Friendly Calculator","yes",208,1.99,"S1212000178263","C1912000011113"
"P1812000496204","Sleek Notebook","yes",232,1.99,"S1212000109264","C1912000011113"
"P1812000415115","Compact Notebook","yes",459,1.99,"S1212000169599","C1912000011113"
"P1812000257980","Durable Notebook","yes",19,1.99,"S1212000109264","C1912000011113"
"P1812000343210","Comfortable Calculator","yes",116,1.99,"S1212000171443","C1912000011113"
"P1812000407502","Comfortable Notebook","yes",60,1.99,"S1212000171443","C1912000011113"
"P1812000248456","Eco-Friendly Notebook","yes",363,2.99,"S1212000109264","C1912000011113"
"P1812000088377","High-Quality Notebook","yes",278,1.99,"S1212000171443","C1912000011113"
"P1812000099163","Advanced Notebook","yes",102,1.99,"S1212000169599","C1912000011113"
"P1812000388637","Compact Calculator","no",0,2.99,"S1212000178263","C1912000011113"
"P1812000205627","Sustainable Calculator","yes",168,1.99,"S1212000109264","C1912000011113"
"P1812000412889","Elegant Calculator","yes",497,1.99,"S1212000169599","C1912000011113"
"P1812000401205","Versatile Notebook","yes",259,1.99,"S1212000169599","C1912000011113"
"P1812000414813","Compact Notebook","yes",261,1.99,"S1212000178263","C1912000011113"
"P1812000090636","Stylish Calculator","yes",342,2.99,"S1212000109264","C1912000011113"
"P1812000447109","Advanced Handbag","yes",22,6.99,"S1212000016867","C1912000013764"
"P1812000457494","Futuristic Handbag","yes",217,5.99,"S1212000083168","C1912000013764"
"P1812000245156","Compact Handbag","yes",72,4.99,"S1212000115335","C1912000013764"
"P1812000057252","Advanced Sunglasses","no",0,6.99,"S1212000110747","C1912000013764"
"P1812000067215","Affordable Sunglasses","yes",420,5.99,"S1212000110747","C1912000013764"
"P1812000259436","Elegant Sunglasses","yes",172,5.99,"S1212000152438","C1912000013764"
"P1812000298787","Innovative Sunglasses","yes",118,5.99,"S1212000110747","C1912000013764"
"P1812000423623","Futuristic Sunglasses","yes",0,5.99,"S1212000152438","C1912000013764"
"P1812000004625","Stylish Sunglasses","no",0,5.99,"S1212000187732","C1912000013764"
"P1812000240826","Sleek Sunglasses","yes",166,6.99,"S1212000083168","C1912000013764"
"P1812000135765","User-Friendly Dress","yes",55,5.99,"S1212000016867","C1912000013764"
"P1812000018190","Elegant Handbag","yes",0,6.99,"S1212000110747","C1912000013764"
"P1812000131212","Chic Handbag","yes",147,4.99,"S1212000153138","C1912000013764"
"P1812000178263","Dynamic Dress","yes",240,6.99,"S1212000011113","C1912000013764"
"P1812000231153","Sustainable Handbag","yes",318,6.99,"S1212000016867","C1912000013764"
"P1812000153138","Elegant Dress","yes",153,4.99,"S1212000016867","C1912000013764"
"P1812000203528","Gorgeous Sunglasses","yes",290,5.99,"S1212000083168","C1912000013764"
"P1812000008398","Sophisticated Handbag","yes",473,4.99,"S1212000153138","C1912000013764"
"P1812000115335","Fashionable Dress","yes",88,5.99,"S1212000110747","C1912000013764"
"P1812000322880","Compact Handbag","yes",365,6.99,"S1212000110747","C1912000013764"
"P1812000341659","Reliable Dress","yes",105,6.99,"S1212000115335","C1912000013764"
"P1812000173558","Eco-Friendly Dress","yes",75,5.99,"S1212000110747","C1912000013764"
"P1812000010343","Sustainable Dress","yes",11,6.99,"S1212000153138","C1912000013764"
"P1812000177960","Luxurious Sunglasses","yes",147,6.99,"S1212000115335","C1912000013764"
"P1812000064415","Compact Sunglasses","yes",446,5.99,"S1212000083168","C1912000013764"
"P1812000474318","Compact Handbag","yes",315,6.99,"S1212000110747","C1912000013764"
"P1812000484135","High-Performance Dress","yes",369,4.99,"S1212000115335","C1912000013764"
"P1812000235636","Sustainable Dress","yes",491,6.99,"S1212000083168","C1912000013764"
