"review_id","rating","review","review_date","product_id","buyer_id"
"R1771000001514",1,"Item did not fit, very disappointed.",2022-09-15,"P1812000462640","B1312000712170"
"R1771000002562",1,"Not as advertised, very disappointed.",2022-09-13,"P1812000359736","B1312000137866"
"R1771000003278",1,"Cheap materials, do not recommend.",2022-09-30,"P1812000006917","B1312000845147"
"R1771000004625",1,"Not worth the price, very disappointed.",2022-09-26,"P1812000135765","B1312000623795"
"R1771000005294",1,"Not worth the price, very disappointed.",2022-10-01,"P1812000021454","B1312000342549"
"R1771000006917",1,"Waste of money, very disappointed.",2022-09-24,"P1812000061140","B1312000289316"
"R1771000007217",1,"Item never arrived, terrible experience.",2022-09-04,"P1812000490961","B1312000251977"
"R1771000008398",1,"Product arrived damaged, do not recommend.",2022-10-02,"P1812000075258","B1312000946104"
"R1771000009328",1,"Item never arrived, terrible experience.",2022-09-11,"P1812000478218","B1312000456408"
"R1771000010343",1,"Received wrong color, very disappointed.",2022-09-20,"P1812000464425","B1312000373902"
"R1771000011113",1,"Horrible quality, fell apart after one use.",2022-09-04,"P1812000409240","B1312000811902"
"R1771000012473",1,"Product did not work as intended, very disappointed.",2022-09-18,"P1812000019447","B1312000684556"
"R1771000013764",1,"Misleading description, not what I expected.",2022-09-19,"P1812000005294","B1312000493764"
"R1771000014701",1,"Waste of money, very disappointed.",2022-09-12,"P1812000228726","B1312000960565"
"R1771000015702",1,"Worst purchase ever, do not recommend.",2022-09-04,"P1812000179151","B1312000725236"
"R1771000016867",1,"Defective product, would not buy again.",2022-09-26,"P1812000387195","B1312000275156"
"R1771000017808",1,"Poorly packaged, arrived damaged.",2022-09-23,"P1812000444199","B1312000185183"
"R1771000018190",1,"Not as advertised, very disappointed.",2022-09-27,"P1812000277262","B1312000960565"
"R1771000019447",1,"Low-quality item, waste of money.",2022-09-28,"P1812000222637","B1312000254228"
"R1771000020748",1,"Poor quality, not durable at all.",2022-09-23,"P1812000409240","B1312000530288"
"R1771000021454",1,"Disappointed with purchase, regret buying.",2022-09-20,"P1812000053240","B1312000674140"
"R1771000022939",1,"Cheaply made, fell apart quickly.",2022-10-01,"P1812000187732","B1312000204497"
"R1771000023125",1,"Misleading description, not what I expected.",2022-09-23,"P1812000252745","B1312000489731"
"R1771000024618",1,"Received wrong color, very disappointed.",2022-09-25,"P1812000359736","B1312000964364"
"R1771000025525",1,"Faulty product, wasted my money.",2022-09-20,"P1812000111150","B1312000383564"
"R1771000026748",1,"Received wrong size, frustrating experience.",2022-09-25,"P1812000343210","B1312000203528"
"R1771000027865",1,"Broken upon arrival, terrible experience.",2022-09-09,"P1812000402986","B1312000874107"
"R1771000028310",1,"Item fell apart after a few uses.",2022-09-05,"P1812000335574","B1312000856991"
"R1771000029689",1,"Poor quality, broke after a few uses.",2022-09-22,"P1812000122884","B1312000958389"
"R1771000030692",1,"Item arrived late, poor service.",2022-09-11,"P1812000186622","B1312000408560"
"R1771000031654",1,"Not durable at all, fell apart.",2022-09-12,"P1812000235636","B1312000524238"
"R1771000032970",1,"Item arrived broken, terrible experience.",2022-09-28,"P1812000138259","B1312000678151"
"R1771000033472",1,"Product arrived incomplete, very disappointed.",2022-09-07,"P1812000264856","B1312000866732"
"R1771000034943",1,"Broken upon arrival, terrible experience.",2022-09-25,"P1812000443430","B1312000494521"
"R1771000035242",1,"Item never arrived, very frustrating.",2022-09-11,"P1812000043234","B1312000118825"
"R1771000036643",1,"Low-quality item, waste of money.",2022-09-15,"P1812000126977","B1312000394491"
"R1771000037589",1,"Product did not work, very disappointed.",2022-09-21,"P1812000303920","B1312000096220"
"R1771000038720",1,"Cheap materials, not worth the price.",2022-09-07,"P1812000076851","B1312000136713"
"R1771000039874",1,"Cheaply made, not durable at all.",2022-09-08,"P1812000356396","B1312000919640"
"R1771000040941",1,"Product arrived damaged, do not recommend.",2022-09-25,"P1812000190696","B1312000622320"
"R1771000041122",1,"Product did not work as intended, very disappointed.",2022-09-11,"P1812000470361","B1312000925293"
"R1771000042408",1,"Received damaged item, very disappointed.",2022-09-11,"P1812000174119","B1312000643400"
"R1771000043234",1,"Extremely disappointed, do not recommend.",2022-09-24,"P1812000144883","B1312000216672"
"R1771000044920",1,"Cheap material, fell apart quickly.",2022-09-06,"P1812000292757","B1312000816271"
"R1771000045323",1,"Did not meet expectations, very unhappy.",2022-09-24,"P1812000045323","B1312000911154"
"R1771000046265",1,"Unusable product, complete waste of money.",2022-09-27,"P1812000248456","B1312000952998"
"R1771000047316",1,"Item arrived broken, very disappointed.",2022-09-30,"P1812000495711","B1312000997764"
"R1771000048389",1,"Product did not work, total disappointment.",2022-09-29,"P1812000292757","B1312000570808"
"R1771000049680",1,"Not durable at all, fell apart.",2022-09-06,"P1812000394491","B1312000276759"
"R1771000050171",1,"Poorly made, fell apart immediately.",2022-09-10,"P1812000125843","B1312000163138"
"R1771000051687",1,"Item did not match description, very disappointed.",2022-09-14,"P1812000259436","B1312000993543"
"R1771000052674",1,"Item broke after one use, very disappointed.",2022-09-03,"P1812000061140","B1312000965690"
"R1771000053240",1,"Item arrived broken, very disappointed.",2022-09-06,"P1812000322880","B1312000215285"
"R1771000054821",1,"Product arrived incomplete, very disappointed.",2022-09-11,"P1812000286636","B1312000456408"
"R1771000055964",1,"Disappointed with purchase, regret buying.",2022-09-11,"P1812000474318","B1312000719995"
"R1771000056958",1,"Dissatisfied with purchase, regret buying.",2022-09-25,"P1812000284488","B1312000309500"
"R1771000057252",1,"Misleading description, very disappointed.",2022-09-21,"P1812000051687","B1312000502472"
"R1771000058393",1,"Misleading description, not what I expected.",2022-09-10,"P1812000238490","B1312000804799"
"R1771000059376",1,"Product did not work, very disappointed.",2022-09-15,"P1812000254228","B1312000220930"
"R1771000060562",1,"Misleading description, not what I expected.",2022-09-30,"P1812000446400","B1312000144883"
"R1771000061140",1,"Cheaply made, fell apart quickly.",2022-09-28,"P1812000190696","B1312000823483"
"R1771000062530",1,"Item arrived late and damaged.",2022-09-26,"P1812000116709","B1312000707266"
"R1771000063189",1,"Extremely disappointed, do not recommend.",2022-09-06,"P1812000330979","B1312000944865"
"R1771000064415",1,"Defective product, would not buy again.",2022-09-22,"P1812000495711","B1312000382707"
"R1771000065322",1,"Dissatisfied with purchase, regret buying.",2022-09-13,"P1812000332179","B1312000532668"
"R1771000066627",1,"Received damaged item, very disappointed.",2022-09-21,"P1812000284488","B1312000309500"
"R1771000067215",1,"Poorly made, fell apart immediately.",2022-10-02,"P1812000289316","B1312000484135"
"R1771000068705",1,"Poor quality, not durable at all.",2022-09-16,"P1812000165868","B1312000752660"
"R1771000069873",1,"Cheaply made, not durable at all.",2022-09-05,"P1812000084994","B1312000098257"
"R1771000070846",1,"Unusable product, complete waste of money.",2022-09-14,"P1812000064415","B1312000035242"
"R1771000071555",1,"Worst purchase ever, do not recommend.",2022-09-09,"P1812000296810","B1312000122884"
"R1771000072697",1,"Product did not work, total disappointment.",2022-09-05,"P1812000308448","B1312000025525"
"R1771000073953",1,"Regret purchasing, poor craftsmanship.",2022-09-25,"P1812000440859","B1312000396692"
"R1771000074138",1,"Terrible product, broke after one use.",2022-09-10,"P1812000275156","B1312000089188"
"R1771000075258",1,"Horrible quality, fell apart immediately.",2022-10-02,"P1812000412889","B1312000328521"
"R1771000076851",1,"Cheap materials, do not recommend.",2022-09-06,"P1812000182276","B1312000712170"
"R1771000077308",1,"Cheap material, fell apart quickly.",2022-09-28,"P1812000372193","B1312000389496"
"R1771000078473",1,"Not worth the price, cheaply made.",2022-09-13,"P1812000097209","B1312000389496"
"R1771000079917",1,"Received wrong size, frustrating experience.",2022-09-11,"P1812000338442","B1312000339422"
"R1771000080133",1,"Horrible quality, fell apart immediately.",2022-09-07,"P1812000337864","B1312000317229"
"R1771000081615",1,"Not as described, very disappointed.",2022-09-03,"P1812000072697","B1312000965690"
"R1771000082112",1,"Item broke after one use, very disappointed.",2022-09-17,"P1812000120311","B1312000901885"
"R1771000083168",1,"Misleading description, very disappointed.",2022-09-18,"P1812000093979","B1312000144883"
"R1771000084994",1,"Did not meet expectations, very unhappy.",2022-09-15,"P1812000330979","B1312000133576"
"R1771000085854",1,"Received wrong item, frustrating experience.",2022-09-25,"P1812000289316","B1312000494521"
"R1771000086508",1,"Item did not match description, very disappointed.",2022-09-20,"P1812000067215","B1312000011113"
"R1771000087407",1,"Disappointed with purchase, regret buying.",2022-09-14,"P1812000496204","B1312000606261"
"R1771000088377",1,"Item arrived broken, terrible experience.",2022-09-05,"P1812000342549","B1312000720536"
"R1771000089188",1,NA,2022-09-21,"P1812000252745","B1312000259436"
"R1771000090636",1,NA,2022-09-27,"P1812000168705","B1312000952998"
"R1771000091390",1,NA,2022-09-22,"P1812000493764","B1312000196809"
"R1771000092523",1,NA,2022-09-26,"P1812000259436","B1312000688223"
"R1771000093979",1,NA,2022-09-15,"P1812000041122","B1312000363264"
"R1771000094385",1,NA,2022-09-04,"P1812000209621","B1312000277262"
"R1771000095770",1,NA,2022-09-14,"P1812000101576","B1312000956157"
"R1771000096220",1,NA,2022-09-13,"P1812000235636","B1312000296810"
"R1771000097209",1,NA,2022-09-30,"P1812000450447","B1312000282429"
"R1771000098257",1,NA,2022-09-06,"P1812000495711","B1312000883939"
"R1771000099163",1,NA,2022-09-03,"P1812000441388","B1312000925293"
"R1771000100582",1,NA,2022-09-23,"P1812000100582","B1312000590634"
"R1771000101576",1,NA,2022-09-27,"P1812000179151","B1312000440859"
"R1771000102579",1,NA,2022-09-15,"P1812000426661","B1312000181633"
"R1771000103810",1,NA,2022-09-06,"P1812000375316","B1312000712170"
"R1771000104166",1,NA,2022-09-21,"P1812000150337","B1312000309500"
"R1771000105762",1,NA,2022-09-14,"P1812000255317","B1312000331163"
"R1771000106989",1,NA,2022-09-27,"P1812000198811","B1312000771818"
"R1771000107946",1,NA,2022-09-19,"P1812000246556","B1312000558855"
"R1771000108184",1,NA,2022-09-23,"P1812000151863","B1312000198811"
"R1771000109264",1,NA,2022-09-07,"P1812000315123","B1312000035242"
"R1771000110747",1,NA,2022-09-23,"P1812000125843","B1312000394491"
"R1771000111150",1,NA,2022-10-02,"P1812000266652","B1312000764954"
"R1771000112173",1,NA,2022-09-22,"P1812000096220","B1312000889154"
"R1771000113277",1,NA,2022-10-01,"P1812000133576","B1312000697237"
"R1771000114461",1,NA,2022-09-10,"P1812000246556","B1312000932790"
"R1771000115335",1,NA,2022-09-12,"P1812000302203","B1312000071555"
"R1771000116709",2,"Not as described, somewhat disappointed.",2022-09-26,"P1812000081615","B1312000458207"
"R1771000117429",2,"Could be better, not satisfied.",2022-09-16,"P1812000473822","B1312000639270"
"R1771000118825",2,"Expected more for the price, somewhat disappointed.",2022-09-27,"P1812000292757","B1312000351391"
"R1771000119226",2,"Expected better quality for the price.",2022-09-14,"P1812000438593","B1312000102579"
"R1771000120311",2,"Below average quality, somewhat disappointed.",2022-09-25,"P1812000437358","B1312000266652"
"R1771000121785",2,"Product doesn't meet expectations, somewhat disappointed.",2022-09-05,"P1812000050171","B1312000647606"
"R1771000122884",2,"Somewhat disappointed with the product.",2022-09-27,"P1812000116709","B1312000910438"
"R1771000123913",2,"Average quality, could be improved.",2022-09-22,"P1812000228726","B1312000918632"
"R1771000124409",2,"Disappointed with the quality, expected more.",2022-10-01,"P1812000444199","B1312000204497"
"R1771000125843",2,"Quality could be improved, not entirely satisfied.",2022-09-28,"P1812000364718","B1312000052674"
"R1771000126977",2,"Item arrived with some defects, not pleased.",2022-09-09,"P1812000084994","B1312000716536"
"R1771000127342",2,"Not as good as I hoped, slightly disappointed.",2022-09-12,"P1812000139490","B1312000238490"
"R1771000128961",2,"Average product, nothing special.",2022-10-03,"P1812000041122","B1312000733228"
"R1771000129946",2,"Could be better, not satisfied.",2022-09-13,"P1812000227512","B1312000067215"
"R1771000130891",2,"Not satisfied with the purchase, expected more.",2022-09-10,"P1812000284488","B1312000163138"
"R1771000131212",2,"Disappointed with the purchase, expected more.",2022-09-16,"P1812000305810","B1312000620478"
"R1771000132718",2,"Slightly disappointed with the purchase.",2022-09-02,"P1812000349833","B1312000881298"
"R1771000133576",2,"Average item, not entirely satisfied.",2022-09-24,"P1812000185183","B1312000180975"
"R1771000134250",2,"Could be better, not entirely satisfied.",2022-09-26,"P1812000290696","B1312000528288"
"R1771000135765",2,"Not what I expected, somewhat disappointed.",2022-09-26,"P1812000040941","B1312000564148"
"R1771000136713",2,"Item arrived late, slightly disappointed.",2022-09-16,"P1812000173558","B1312000987690"
"R1771000137866",2,"Slightly disappointed with the quality.",2022-09-09,"P1812000298787","B1312000716536"
"R1771000138259",2,NA,2022-09-23,"P1812000068705","B1312000613764"
"R1771000139490",2,NA,2022-09-14,"P1812000009328","B1312000023125"
"R1771000140254",2,NA,2022-10-01,"P1812000095770","B1312000697237"
"R1771000141525",2,NA,2022-09-21,"P1812000170883","B1312000810611"
"R1771000142104",2,NA,2022-09-26,"P1812000311357","B1312000435502"
"R1771000143425",2,NA,2022-09-27,"P1812000269597","B1312000960565"
"R1771000144883",2,NA,2022-09-21,"P1812000171443","B1312000420563"
"R1771000145379",2,NA,2022-09-05,"P1812000066627","B1312000731328"
"R1771000146899",2,NA,2022-09-08,"P1812000182276","B1312000090636"
"R1771000147888",2,NA,2022-09-21,"P1812000468366","B1312000713871"
"R1771000148666",3,"Satisfactory product, meets expectations.",2022-10-01,"P1812000412889","B1312000287747"
"R1771000149942",3,"Met expectations, but not outstanding.",2022-09-29,"P1812000370308","B1312000711733"
"R1771000150337",3,"Average quality, nothing special.",2022-09-10,"P1812000135765","B1312000918632"
"R1771000151863",3,"Decent quality, serves its purpose.",2022-09-05,"P1812000050171","B1312000249378"
"R1771000152438",3,"Met my basic needs, but not exceptional.",2022-09-22,"P1812000101576","B1312000256717"
"R1771000153138",3,"Does what it's supposed to, meets expectations.",2022-09-27,"P1812000090636","B1312000351391"
"R1771000154921",3,"Okay product, serves its purpose.",2022-09-23,"P1812000441388","B1312000322880"
"R1771000155236",3,"Functional purchase, meets expectations.",2022-09-27,"P1812000304930","B1312000970966"
"R1771000156554",3,"Adequate item, does the job.",2022-09-22,"P1812000289316","B1312000958389"
"R1771000157837",3,"Meets expectations, nothing exceptional.",2022-09-20,"P1812000134250","B1312000993543"
"R1771000158659",3,"Does the job, but nothing special.",2022-09-22,"P1812000374129","B1312000772434"
"R1771000159688",3,"Fair item, meets basic requirements.",2022-09-23,"P1812000475795","B1312000283324"
"R1771000160182",3,"Met my basic needs, but not exceptional.",2022-09-10,"P1812000182276","B1312000804799"
"R1771000161795",3,"Met my basic needs, but not exceptional.",2022-09-14,"P1812000135765","B1312000034943"
"R1771000162978",3,"Satisfactory quality, meets basic needs.",2022-09-16,"P1812000275156","B1312000899644"
"R1771000163138",3,"Fair quality, meets basic needs.",2022-09-23,"P1812000303920","B1312000264856"
"R1771000164295",3,"Does what it's supposed to, meets expectations.",2022-09-30,"P1812000219251","B1312000882688"
"R1771000165868",3,"Does what it's supposed to, meets expectations.",2022-09-09,"P1812000414813","B1312000332179"
"R1771000166779",3,"Satisfactory product, meets expectations.",2022-09-12,"P1812000006917","B1312000458207"
"R1771000167385",3,"Fair quality, nothing special.",2022-09-09,"P1812000001514","B1312000373902"
"R1771000168705",3,"Does what it's supposed to, nothing more.",2022-09-02,"P1812000228726","B1312000881298"
"R1771000169599",3,"Functional item, serves its purpose.",2022-10-03,"P1812000143425","B1312000252745"
"R1771000170883",3,"Average quality, nothing special.",2022-09-06,"P1812000337864","B1312000390503"
"R1771000171443",3,"Satisfactory product, meets expectations.",2022-09-20,"P1812000017808","B1312000073953"
"R1771000172409",3,"Decent quality, meets basic requirements.",2022-09-27,"P1812000189401","B1312000643400"
"R1771000173558",3,"Met my basic needs, but not exceptional.",2022-09-25,"P1812000182276","B1312000171443"
"R1771000174119",3,"Functional purchase, meets requirements.",2022-09-09,"P1812000438593","B1312000035242"
"R1771000175971",3,"Does what it's supposed to, meets expectations.",2022-09-12,"P1812000298787","B1312000722369"
"R1771000176294",3,"Functional item, serves its purpose.",2022-09-20,"P1812000056958","B1312000073953"
"R1771000177960",3,"Decent product, meets basic requirements.",2022-09-11,"P1812000464425","B1312000456408"
"R1771000178263",3,"Fair product, meets basic needs.",2022-09-27,"P1812000241445","B1312000960565"
"R1771000179151",3,"Average purchase, does the job.",2022-09-26,"P1812000437358","B1312000904909"
"R1771000180975",3,"Okay purchase, does what I need.",2022-09-23,"P1812000253446","B1312000830326"
"R1771000181633",3,"Functional item, serves its purpose.",2022-09-21,"P1812000313485","B1312000913469"
"R1771000182276",3,"Functional item, serves its purpose.",2022-09-20,"P1812000054821","B1312000993543"
"R1771000183653",3,"Met my basic needs, but not exceptional.",2022-09-15,"P1812000350684","B1312000436414"
"R1771000184926",3,NA,2022-09-29,"P1812000263618","B1312000247716"
"R1771000185183",3,NA,2022-09-22,"P1812000253446","B1312000918632"
"R1771000186622",3,NA,2022-09-27,"P1812000381949","B1312000715875"
"R1771000187732",3,NA,2022-09-25,"P1812000499562","B1312000328521"
"R1771000188491",3,NA,2022-09-13,"P1812000498487","B1312000005294"
"R1771000189401",3,NA,2022-09-07,"P1812000472303","B1312000035242"
"R1771000190696",3,NA,2022-09-17,"P1812000151863","B1312000192805"
"R1771000191976",3,NA,2022-09-25,"P1812000187732","B1312000147888"
"R1771000192805",3,NA,2022-09-16,"P1812000209621","B1312000857238"
"R1771000193718",3,NA,2022-10-02,"P1812000460725","B1312000020748"
"R1771000194688",3,NA,2022-09-30,"P1812000142104","B1312000922634"
"R1771000195529",3,NA,2022-09-04,"P1812000391841","B1312000063189"
"R1771000196809",3,NA,2022-09-02,"P1812000263618","B1312000629913"
"R1771000197860",3,NA,2022-09-07,"P1812000453567","B1312000282429"
"R1771000198811",3,NA,2022-09-03,"P1812000324544","B1312000194688"
"R1771000199527",3,NA,2022-09-18,"P1812000197860","B1312000860942"
"R1771000200771",3,NA,2022-09-26,"P1812000207644","B1312000435502"
"R1771000201349",3,NA,2022-09-23,"P1812000441388","B1312000264856"
"R1771000202903",3,NA,2022-09-12,"P1812000474318","B1312000309500"
"R1771000203528",3,NA,2022-09-28,"P1812000135765","B1312000068705"
"R1771000204497",3,NA,2022-09-21,"P1812000316565","B1312000882688"
"R1771000205627",3,NA,2022-09-18,"P1812000208139","B1312000888938"
"R1771000206480",3,NA,2022-09-05,"P1812000174119","B1312000164295"
"R1771000207644",3,NA,2022-09-22,"P1812000426661","B1312000196809"
"R1771000208139",3,NA,2022-09-30,"P1812000227512","B1312000791934"
"R1771000209621",3,NA,2022-09-29,"P1812000227512","B1312000624260"
"R1771000210572",3,NA,2022-09-21,"P1812000426661","B1312000789841"
"R1771000211299",3,NA,2022-09-13,"P1812000320687","B1312000532668"
"R1771000212224",3,NA,2022-09-05,"P1812000065322","B1312000720536"
"R1771000213364",3,NA,2022-09-17,"P1812000315123","B1312000810611"
"R1771000214874",3,NA,2022-09-22,"P1812000307309","B1312000014701"
"R1771000215285",3,NA,2022-09-27,"P1812000453567","B1312000230408"
"R1771000216672",3,NA,2022-09-24,"P1812000081615","B1312000489731"
"R1771000217351",3,NA,2022-09-27,"P1812000285216","B1312000572402"
"R1771000218557",3,NA,2022-09-15,"P1812000344890","B1312000712170"
"R1771000219251",3,NA,2022-09-12,"P1812000093979","B1312000914629"
"R1771000220930",3,NA,2022-09-21,"P1812000145379","B1312000033472"
"R1771000221153",3,NA,2022-09-04,"P1812000452308","B1312000730630"
"R1771000222637",3,NA,2022-09-19,"P1812000355783","B1312000303920"
"R1771000223334",3,NA,2022-09-15,"P1812000490961","B1312000793685"
"R1771000224388",3,NA,2022-09-12,"P1812000315123","B1312000945211"
"R1771000225284",3,NA,2022-09-11,"P1812000332179","B1312000492109"
"R1771000226864",3,NA,2022-09-15,"P1812000167385","B1312000712170"
"R1771000227512",3,NA,2022-09-05,"P1812000492109","B1312000249378"
"R1771000228726",3,NA,2022-09-13,"P1812000143425","B1312000072697"
"R1771000229621",3,NA,2022-09-18,"P1812000266652","B1312000179151"
"R1771000230408",4,"Met expectations, satisfied with the product.",2022-09-02,"P1812000033472","B1312000765473"
"R1771000231153",4,"Impressed with the quality, satisfied with the purchase.",2022-09-03,"P1812000017808","B1312000361138"
"R1771000232304",4,"Product as described, good purchase.",2022-09-16,"P1812000299856","B1312000899644"
"R1771000233974",4,"Product meets expectations, good value for money.",2022-09-08,"P1812000031654","B1312000837634"
"R1771000234878",4,"Satisfied with the purchase, good quality.",2022-09-20,"P1812000366182","B1312000383564"
"R1771000235636",4,"Product as described, satisfied with the product.",2022-09-27,"P1812000123913","B1312000061140"
"R1771000236663",4,"Product as described, happy with the purchase.",2022-09-14,"P1812000341659","B1312000369376"
"R1771000237893",4,"Pleased with the product, meets expectations.",2022-09-16,"P1812000192805","B1312000999143"
"R1771000238490",4,"Satisfied with the product, meets expectations.",2022-09-24,"P1812000041122","B1312000945211"
"R1771000239508",4,"Happy with the product, product as described.",2022-09-26,"P1812000339422","B1312000311357"
"R1771000240826",4,"Good quality, happy with the purchase.",2022-09-19,"P1812000321476","B1312000403110"
"R1771000241445",4,"Good quality, satisfied with the product.",2022-09-06,"P1812000219251","B1312000542219"
"R1771000242259",4,"Impressed with the quality, good purchase.",2022-09-05,"P1812000240826","B1312000991260"
"R1771000243567",4,"Product as described, happy with the purchase.",2022-10-01,"P1812000266652","B1312000287747"
"R1771000244608",4,"Good quality, worth the price.",2022-10-01,"P1812000173558","B1312000580726"
"R1771000245156",4,"Good quality, satisfied with the product.",2022-09-13,"P1812000252745","B1312000605644"
"R1771000246556",4,"Happy with the purchase, good quality.",2022-10-02,"P1812000101576","B1312000764954"
"R1771000247716",4,"Satisfied with the purchase, product as described.",2022-09-26,"P1812000123913","B1312000020748"
"R1771000248456",4,"Quality item, meets expectations.",2022-09-17,"P1812000442147","B1312000810611"
"R1771000249378",4,"Met expectations, good value for money.",2022-09-06,"P1812000355783","B1312000083168"
"R1771000250369",4,"Great product, exactly as described.",2022-09-22,"P1812000348386","B1312000505778"
"R1771000251977",4,"Product as described, good purchase.",2022-09-27,"P1812000438593","B1312000237893"
"R1771000252745",4,"Pleased with the item, good value for money.",2022-09-28,"P1812000495711","B1312000845147"
"R1771000253446",4,"Satisfied with the purchase, good quality.",2022-09-03,"P1812000215285","B1312000925293"
"R1771000254228",4,"Met expectations, good value for money.",2022-09-29,"P1812000247716","B1312000711733"
"R1771000255317",4,"Good quality, product as described.",2022-09-20,"P1812000117429","B1312000674140"
"R1771000256717",4,"Satisfied with the purchase, product meets expectations.",2022-09-18,"P1812000006917","B1312000611887"
"R1771000257980",4,"Quality purchase, satisfied with the product.",2022-09-24,"P1812000365132","B1312000176294"
"R1771000258797",4,"Satisfied with the product, meets expectations.",2022-09-27,"P1812000133576","B1312000357959"
"R1771000259436",4,"Quality item, happy with the purchase.",2022-09-30,"P1812000121785","B1312000822567"
"R1771000260896",4,"Met expectations, happy with the purchase.",2022-09-22,"P1812000029689","B1312000196809"
"R1771000261125",4,"Happy with the product, meets expectations.",2022-09-18,"P1812000155236","B1312000284488"
"R1771000262638",4,"Met expectations, good value for money.",2022-09-14,"P1812000069873","B1312000034943"
"R1771000263618",4,"Met expectations, satisfied with the purchase.",2022-09-07,"P1812000295233","B1312000329607"
"R1771000264856",4,"Impressed with the product, good quality.",2022-09-25,"P1812000077308","B1312000666985"
"R1771000265765",4,"Satisfied with the purchase, good value.",2022-09-15,"P1812000031654","B1312000133576"
"R1771000266652",4,"Product as described, satisfied with the purchase.",2022-09-06,"P1812000053240","B1312000944865"
"R1771000267823",4,"Good value for money, satisfied with the product.",2022-09-27,"P1812000038720","B1312000572402"
"R1771000268489",4,"Satisfied with the product, good purchase.",2022-09-05,"P1812000405463","B1312000711733"
"R1771000269597",4,"Impressed with the quality, good value for money.",2022-09-19,"P1812000490961","B1312000193718"
"R1771000270321",4,"Product meets expectations, satisfied with the purchase.",2022-09-25,"P1812000467684","B1312000925293"
"R1771000271770",4,"Product meets expectations, happy with the purchase.",2022-09-22,"P1812000447109","B1312000422276"
"R1771000272960",4,"Product as described, satisfied with the purchase.",2022-09-24,"P1812000299856","B1312000176294"
"R1771000273756",4,"Happy with the product, meets expectations.",2022-09-28,"P1812000124409","B1312000068705"
"R1771000274520",4,"Product as described, meets expectations.",2022-09-21,"P1812000029689","B1312000621441"
"R1771000275156",4,"Good value for money, meets expectations.",2022-10-01,"P1812000227512","B1312000052674"
"R1771000276759",4,"Good product, satisfied with the purchase.",2022-09-07,"P1812000186622","B1312000710698"
"R1771000277262",4,"Satisfied with the quality, good purchase.",2022-09-24,"P1812000474318","B1312000601789"
"R1771000278337",4,"Product as described, happy with the purchase.",2022-09-19,"P1812000484135","B1312000238490"
"R1771000279772",4,"Satisfied with the purchase, good value for money.",2022-09-05,"P1812000026748","B1312000645178"
"R1771000280677",4,"Good value for money, product as described.",2022-09-08,"P1812000405463","B1312000933757"
"R1771000281615",4,"Satisfied with the purchase, product meets expectations.",2022-09-15,"P1812000084994","B1312000282429"
"R1771000282429",4,"Product as described, happy with the purchase.",2022-09-27,"P1812000143425","B1312000179151"
"R1771000283324",4,"Happy with the purchase, meets expectations.",2022-09-13,"P1812000080133","B1312000005294"
"R1771000284488",4,"Good value for money, satisfied with the purchase.",2022-09-21,"P1812000308448","B1312000096220"
"R1771000285216",4,"Satisfied with the purchase, product meets expectations.",2022-09-25,"P1812000206480","B1312000291656"
"R1771000286636",4,"Satisfied with the product, good quality.",2022-09-30,"P1812000382707","B1312000289316"
"R1771000287747",4,"Happy with the purchase, good value for money.",2022-09-13,"P1812000487339","B1312000072697"
"R1771000288154",4,"Satisfied with the purchase, good value for money.",2022-09-23,"P1812000415115","B1312000376274"
"R1771000289316",4,"Product as described, good value for money.",2022-10-03,"P1812000201349","B1312000352325"
"R1771000290696",4,NA,2022-09-05,"P1812000006917","B1312000911154"
"R1771000291656",4,NA,2022-09-10,"P1812000066627","B1312000204497"
"R1771000292757",4,NA,2022-09-30,"P1812000399843","B1312000941357"
"R1771000293781",4,NA,2022-09-06,"P1812000190696","B1312000048389"
"R1771000294514",4,NA,2022-09-24,"P1812000192805","B1312000152438"
"R1771000295233",4,NA,2022-09-24,"P1812000110747","B1312000506658"
"R1771000296810",4,NA,2022-09-15,"P1812000125843","B1312000793685"
"R1771000297972",4,NA,2022-09-26,"P1812000304930","B1312000549698"
"R1771000298787",4,NA,2022-09-06,"P1812000167385","B1312000883939"
"R1771000299856",4,NA,2022-09-20,"P1812000350684","B1312000629913"
"R1771000300546",4,NA,2022-09-30,"P1812000492109","B1312000846581"
"R1771000301920",4,NA,2022-09-25,"P1812000469986","B1312000203528"
"R1771000302203",4,NA,2022-09-28,"P1812000378422","B1312000358704"
"R1771000303920",4,NA,2022-09-17,"P1812000204497","B1312000082112"
"R1771000304930",4,NA,2022-09-16,"P1812000120311","B1312000627341"
"R1771000305810",4,NA,2022-09-06,"P1812000446400","B1312000799956"
"R1771000306567",4,NA,2022-09-25,"P1812000175971","B1312000396692"
"R1771000307309",4,NA,2022-09-12,"P1812000080133","B1312000425677"
"R1771000308448",4,NA,2022-09-14,"P1812000149942","B1312000007217"
"R1771000309500",4,NA,2022-09-09,"P1812000313485","B1312000390503"
"R1771000310836",4,NA,2022-09-15,"P1812000019447","B1312000473822"
"R1771000311357",4,NA,2022-09-18,"P1812000447109","B1312000179151"
"R1771000312276",4,NA,2022-09-08,"P1812000425677","B1312000919640"
"R1771000313485",4,NA,2022-09-23,"P1812000129946","B1312000962587"
"R1771000314240",4,NA,2022-09-06,"P1812000122884","B1312000390503"
"R1771000315123",4,NA,2022-09-25,"P1812000440859","B1312000276759"
"R1771000316565",4,NA,2022-09-18,"P1812000311357","B1312000670495"
"R1771000317229",4,NA,2022-09-26,"P1812000275156","B1312000056958"
"R1771000318264",4,NA,2022-09-23,"P1812000115335","B1312000190696"
"R1771000319802",4,NA,2022-09-26,"P1812000094385","B1312000564148"
"R1771000320687",4,NA,2022-09-07,"P1812000093979","B1312000096220"
"R1771000321476",4,NA,2022-09-26,"P1812000435502","B1312000608675"
"R1771000322880",4,NA,2022-10-02,"P1812000001514","B1312000587207"
"R1771000323269",4,NA,2022-09-11,"P1812000050171","B1312000925293"
"R1771000324544",4,NA,2022-09-13,"P1812000380476","B1312000352325"
"R1771000325809",4,NA,2022-09-25,"P1812000126977","B1312000985650"
"R1771000326973",4,NA,2022-09-26,"P1812000270321","B1312000056958"
"R1771000327333",4,NA,2022-09-21,"P1812000298787","B1312000621441"
"R1771000328521",4,NA,2022-09-14,"P1812000114461","B1312000073953"
"R1771000329607",4,NA,2022-09-25,"P1812000338442","B1312000956157"
"R1771000330979",4,NA,2022-09-23,"P1812000363264","B1312000417519"
"R1771000331163",4,NA,2022-09-14,"P1812000483745","B1312000331163"
"R1771000332179",4,NA,2022-09-28,"P1812000304930","B1312000558855"
"R1771000333582",4,NA,2022-09-28,"P1812000472303","B1312000227512"
"R1771000334647",4,NA,2022-09-16,"P1812000356396","B1312000321476"
"R1771000335574",4,NA,2022-10-02,"P1812000111150","B1312000226864"
"R1771000336390",4,NA,2022-09-20,"P1812000438593","B1312000281615"
"R1771000337864",4,NA,2022-09-08,"P1812000344890","B1312000271770"
"R1771000338442",4,NA,2022-09-25,"P1812000134250","B1312000620478"
"R1771000339422",4,NA,2022-10-03,"P1812000053240","B1312000611887"
"R1771000340578",4,NA,2022-09-28,"P1812000450447","B1312000035242"
"R1771000341659",4,NA,2022-09-14,"P1812000099163","B1312000296810"
"R1771000342549",4,NA,2022-09-11,"P1812000401205","B1312000220930"
"R1771000343210",4,NA,2022-09-27,"P1812000083168","B1312000952998"
"R1771000344890",4,NA,2022-09-23,"P1812000147888","B1312000875357"
"R1771000345416",4,NA,2022-09-25,"P1812000479551","B1312000669433"
"R1771000346906",4,NA,2022-10-02,"P1812000174119","B1312000020748"
"R1771000347321",4,NA,2022-09-29,"P1812000171443","B1312000570808"
"R1771000348386",4,NA,2022-09-12,"P1812000044920","B1312000581621"
"R1771000349833",4,NA,2022-09-30,"P1812000444199","B1312000426661"
"R1771000350684",4,NA,2022-09-24,"P1812000214874","B1312000819778"
"R1771000351391",4,NA,2022-09-09,"P1812000028310","B1312000156554"
"R1771000352325",4,NA,2022-09-25,"P1812000464425","B1312000572402"
"R1771000353889",4,NA,2022-09-02,"P1812000348386","B1312000136713"
"R1771000354989",4,NA,2022-09-21,"P1812000127342","B1312000882688"
"R1771000355783",4,NA,2022-09-19,"P1812000322880","B1312000193718"
"R1771000356396",4,NA,2022-09-22,"P1812000312276","B1312000587207"
"R1771000357959",4,NA,2022-09-24,"P1812000275156","B1312000677300"
"R1771000358704",4,NA,2022-09-24,"P1812000487339","B1312000504123"
"R1771000359736",4,NA,2022-09-26,"P1812000261125","B1312000581621"
"R1771000360910",4,NA,2022-09-22,"P1812000143425","B1312000958389"
"R1771000361138",4,NA,2022-09-04,"P1812000306567","B1312000577290"
"R1771000362336",4,NA,2022-09-10,"P1812000123913","B1312000287747"
"R1771000363264",4,NA,2022-09-09,"P1812000226864","B1312000035242"
"R1771000364718",4,NA,2022-09-13,"P1812000228726","B1312000532668"
"R1771000365132",4,NA,2022-09-10,"P1812000133576","B1312000560227"
"R1771000366182",4,NA,2022-09-08,"P1812000065322","B1312000090636"
"R1771000367495",4,NA,2022-09-06,"P1812000387195","B1312000390503"
"R1771000368965",4,NA,2022-09-03,"P1812000335574","B1312000664228"
"R1771000369376",4,NA,2022-09-18,"P1812000173558","B1312000684556"
"R1771000370308",4,NA,2022-09-25,"P1812000358704","B1312000828570"
"R1771000371175",4,NA,2022-09-06,"P1812000305810","B1312000415115"
"R1771000372193",4,NA,2022-10-02,"P1812000484135","B1312000907930"
"R1771000373902",4,NA,2022-09-11,"P1812000266652","B1312000163138"
"R1771000374129",4,NA,2022-10-02,"P1812000169599","B1312000300546"
"R1771000375316",4,NA,2022-09-25,"P1812000193718","B1312000035242"
"R1771000376274",4,NA,2022-09-28,"P1812000468366","B1312000988570"
"R1771000377473",4,NA,2022-09-13,"P1812000151863","B1312000296810"
"R1771000378422",4,NA,2022-10-02,"P1812000329607","B1312000974139"
"R1771000379214",4,NA,2022-09-26,"P1812000038720","B1312000736321"
"R1771000380476",4,NA,2022-09-07,"P1812000077308","B1312000866732"
"R1771000381949",4,NA,2022-09-11,"P1812000245156","B1312000041122"
"R1771000382707",4,NA,2022-09-08,"P1812000312276","B1312000195529"
"R1771000383564",4,NA,2022-09-06,"P1812000029689","B1312000253446"
"R1771000384457",4,NA,2022-09-24,"P1812000265765","B1312000827690"
"R1771000385781",4,NA,2022-09-28,"P1812000495711","B1312000180975"
"R1771000386523",4,NA,2022-09-12,"P1812000094385","B1312000548598"
"R1771000387195",4,NA,2022-09-27,"P1812000150337","B1312000532668"
"R1771000388637",4,NA,2022-09-23,"P1812000034943","B1312000355783"
"R1771000389496",4,NA,2022-09-17,"P1812000298787","B1312000901885"
"R1771000390503",4,NA,2022-09-23,"P1812000186622","B1312000264856"
"R1771000391841",4,NA,2022-09-11,"P1812000072697","B1312000408560"
"R1771000392247",4,NA,2022-09-16,"P1812000201349","B1312000703938"
"R1771000393961",4,NA,2022-09-13,"P1812000269597","B1312000956157"
"R1771000394491",4,NA,2022-09-25,"P1812000334647","B1312000223334"
"R1771000395813",4,NA,2022-09-30,"P1812000117429","B1312000188491"
"R1771000396692",4,NA,2022-09-25,"P1812000290696","B1312000900917"
"R1771000397546",4,NA,2022-09-15,"P1812000261125","B1312000745390"
"R1771000398437",4,NA,2022-09-22,"P1812000359736","B1312000348386"
"R1771000399843",4,NA,2022-09-28,"P1812000162978","B1312000312276"
"R1771000400342",4,NA,2022-09-21,"P1812000095770","B1312000913469"
"R1771000401205",4,NA,2022-09-17,"P1812000075258","B1312000210572"
"R1771000402986",4,NA,2022-10-02,"P1812000026748","B1312000300546"
"R1771000403110",4,NA,2022-09-06,"P1812000059376","B1312000380476"
"R1771000404724",4,NA,2022-09-28,"P1812000443430","B1312000586521"
"R1771000405463",4,NA,2022-09-27,"P1812000375316","B1312000878698"
"R1771000406485",4,NA,2022-09-26,"P1812000341659","B1312000904909"
"R1771000407502",4,NA,2022-09-19,"P1812000266652","B1312000142104"
"R1771000408560",4,NA,2022-09-30,"P1812000425677","B1312000993543"
"R1771000409240",4,NA,2022-09-06,"P1812000041122","B1312000458207"
"R1771000410130",4,NA,2022-09-29,"P1812000064415","B1312000741430"
"R1771000411214",4,NA,2022-10-02,"P1812000401205","B1312000977117"
"R1771000412889",4,NA,2022-09-27,"P1812000303920","B1312000572402"
"R1771000413193",4,NA,2022-09-26,"P1812000031654","B1312000485154"
"R1771000414813",4,NA,2022-09-24,"P1812000068705","B1312000814163"
"R1771000415115",4,NA,2022-09-30,"P1812000162978","B1312000585160"
"R1771000416808",4,NA,2022-09-19,"P1812000403110","B1312000816271"
"R1771000417519",4,NA,2022-09-17,"P1812000090636","B1312000961629"
"R1771000418277",4,NA,2022-09-17,"P1812000116709","B1312000902759"
"R1771000419516",4,NA,2022-10-03,"P1812000353889","B1312000884969"
"R1771000420563",4,NA,2022-09-28,"P1812000333582","B1312000389496"
"R1771000421511",4,NA,2022-09-25,"P1812000339422","B1312000598857"
"R1771000422276",4,NA,2022-09-25,"P1812000138259","B1312000593743"
"R1771000423623",5,"Excellent product, exceeded expectations.",2022-09-23,"P1812000178263","B1312000225284"
"R1771000424536",5,"Highly recommend, great value for money.",2022-09-13,"P1812000350684","B1312000295233"
"R1771000425677",5,"Absolutely satisfied, top-notch quality.",2022-10-03,"P1812000044920","B1312000958389"
"R1771000426661",5,"Impressed with the product, exceeded expectations.",2022-09-16,"P1812000141525","B1312000449379"
"R1771000427303",5,"Extremely satisfied, excellent purchase.",2022-09-14,"P1812000082112","B1312000337864"
"R1771000428274",5,"Fantastic product, highly recommend.",2022-09-25,"P1812000476451","B1312000620478"
"R1771000429472",5,"Top-notch quality, very impressed.",2022-09-06,"P1812000042408","B1312000204497"
"R1771000430745",5,"Outstanding product, worth every penny.",2022-09-23,"P1812000096220","B1312000543811"
"R1771000431563",5,"Very satisfied, exceeded expectations.",2022-09-12,"P1812000220930","B1312000571558"
"R1771000432483",5,"Highly recommend, excellent value for money.",2022-10-01,"P1812000062530","B1312000697237"
"R1771000433221",5,"Exceptional product, couldn't be happier.",2022-09-26,"P1812000193718","B1312000974139"
"R1771000434498",5,"Great purchase, highly recommend.",2022-09-07,"P1812000473822","B1312000035242"
"R1771000435502",5,"Very impressed, exceeded expectations.",2022-09-26,"P1812000343210","B1312000223334"
"R1771000436414",5,"Perfect product, absolutely satisfied.",2022-09-08,"P1812000241445","B1312000090636"
"R1771000437358",5,"Remarkable quality, highly recommend.",2022-09-25,"P1812000374129","B1312000620478"
"R1771000438593",5,"Exceeded expectations, excellent value.",2022-09-18,"P1812000187732","B1312000599345"
"R1771000439964",5,"Highly recommend, fantastic purchase.",2022-09-02,"P1812000436414","B1312000881298"
"R1771000440859",5,"Great value for money, top-notch quality.",2022-09-18,"P1812000494521","B1312000777535"
"R1771000441388",5,"Absolutely delighted, exceeded expectations.",2022-09-23,"P1812000069873","B1312000263618"
"R1771000442147",5,"Impressed with the quality, highly recommend.",2022-09-04,"P1812000185183","B1312000251977"
"R1771000443430",5,"Exceeded expectations, outstanding product.",2022-09-25,"P1812000334647","B1312000175971"
"R1771000444199",5,"Exceptional quality, highly recommend.",2022-09-06,"P1812000478218","B1312000362336"
"R1771000445207",5,"Thrilled with the purchase, exceeded expectations.",2022-09-08,"P1812000298787","B1312000857238"
"R1771000446400",5,"Top-notch product, highly recommend.",2022-09-25,"P1812000031654","B1312000181633"
"R1771000447109",5,"Impressed with the quality, excellent purchase.",2022-09-23,"P1812000233974","B1312000225284"
"R1771000448269",5,"Exceeded expectations, fantastic product.",2022-09-21,"P1812000281615","B1312000956157"
"R1771000449379",5,"Highly recommend, couldn't be happier.",2022-09-14,"P1812000092523","B1312000034943"
"R1771000450447",5,"Great value for money, excellent product.",2022-09-15,"P1812000163138","B1312000369376"
"R1771000451501",5,"Delighted with the purchase, highly recommend.",2022-09-29,"P1812000372193","B1312000898308"
"R1771000452308",5,"Outstanding quality, exceeded expectations.",2022-09-23,"P1812000152438","B1312000697237"
"R1771000453567",5,"Highly recommend, remarkable product.",2022-09-10,"P1812000384457","B1312000541741"
"R1771000454926",5,"Absolutely thrilled, excellent purchase.",2022-09-28,"P1812000440859","B1312000358704"
"R1771000455748",5,"Exceeded expectations, remarkable quality.",2022-09-15,"P1812000196809","B1312000851558"
"R1771000456408",5,"Exceptional product, highly recommend.",2022-09-21,"P1812000476451","B1312000913469"
"R1771000457494",5,"Thrilled with the purchase, outstanding quality.",2022-09-05,"P1812000088377","B1312000711733"
"R1771000458207",5,"Impressed with the quality, fantastic purchase.",2022-09-11,"P1812000320687","B1312000643400"
"R1771000459107",5,"Top-notch product, exceeded expectations.",2022-09-04,"P1812000261125","B1312000357959"
"R1771000460725",5,"Absolutely satisfied, highly recommend.",2022-09-22,"P1812000332179","B1312000115335"
"R1771000461360",5,"Delighted with the purchase, exceptional product.",2022-09-03,"P1812000134250","B1312000965690"
"R1771000462640",5,"Exceeded expectations, fantastic value.",2022-09-27,"P1812000263618","B1312000607421"
"R1771000463405",5,"Highly recommend, remarkable purchase.",2022-09-26,"P1812000363264","B1312000341659"
"R1771000464425",5,"Great value for money, outstanding quality.",2022-09-12,"P1812000250369","B1312000249378"
"R1771000465173",5,"Absolutely thrilled, top-notch product.",2022-10-02,"P1812000459107","B1312000946104"
"R1771000466381",5,"Impressed with the quality, exceptional purchase.",2022-09-06,"P1812000139490","B1312000727727"
"R1771000467684",5,"Exceeded expectations, remarkable value.",2022-09-13,"P1812000441388","B1312000931718"
"R1771000468366",5,"Exceptional product, fantastic purchase.",2022-09-29,"P1812000128961","B1312000048389"
"R1771000469986",5,"Thrilled with the purchase, outstanding value.",2022-09-16,"P1812000033472","B1312000020748"
"R1771000470361",5,"Top-notch quality, highly recommend.",2022-09-26,"P1812000391841","B1312000472303"
"R1771000471835",5,"Absolutely satisfied, exceptional quality.",2022-09-12,"P1812000411214","B1312000914629"
"R1771000472303",5,"Delighted with the purchase, outstanding product.",2022-09-16,"P1812000233974","B1312000005294"
"R1771000473822",5,"Exceeded expectations, fantastic quality.",2022-09-12,"P1812000084994","B1312000204497"
"R1771000474318",5,"Highly recommend, remarkable value.",2022-09-04,"P1812000370308","B1312000001514"
"R1771000475795",5,"Great value for money, exceptional product.",2022-09-14,"P1812000197860","B1312000651906"
"R1771000476451",5,"Absolutely thrilled, exceeded expectations.",2022-09-13,"P1812000209621","B1312000352325"
"R1771000477766",5,"Impressed with the quality, outstanding purchase.",2022-09-27,"P1812000289316","B1312000671829"
"R1771000478218",5,"Exceeded expectations, top-notch value.",2022-09-06,"P1812000273756","B1312000211299"
"R1771000479551",5,"Exceptional product, outstanding purchase.",2022-09-22,"P1812000393961","B1312000339422"
"R1771000480955",5,"Thrilled with the purchase, fantastic value.",2022-09-30,"P1812000188491","B1312000720536"
"R1771000481678",5,"Top-notch quality, exceptional purchase.",2022-09-23,"P1812000286636","B1312000355783"
"R1771000482721",5,"Absolutely satisfied, outstanding quality.",2022-09-13,"P1812000355783","B1312000605644"
"R1771000483745",5,"Delighted with the purchase, fantastic product.",2022-09-05,"P1812000268489","B1312000460725"
"R1771000484135",5,"Exceeded expectations, remarkable purchase.",2022-09-21,"P1812000007217","B1312000713871"
"R1771000485154",5,"Highly recommend, outstanding value.",2022-09-06,"P1812000366182","B1312000863841"
"R1771000486589",5,"Great value for money, exceptional quality.",2022-09-19,"P1812000028310","B1312000236663"
"R1771000487339",5,"Absolutely thrilled, top-notch purchase.",2022-09-14,"P1812000365132","B1312000820777"
"R1771000488990",5,"Impressed with the quality, remarkable product.",2022-09-14,"P1812000205627","B1312000023125"
"R1771000489731",5,"Exceeded expectations, outstanding value.",2022-09-19,"P1812000231153","B1312000491403"
"R1771000490961",5,"Exceptional product, fantastic value.",2022-09-26,"P1812000073953","B1312000474318"
"R1771000491403",5,"Thrilled with the purchase, remarkable purchase.",2022-09-06,"P1812000435502","B1312000712170"
"R1771000492109",5,"Top-notch quality, outstanding value.",2022-09-18,"P1812000042408","B1312000611887"
"R1771000493764",5,"Absolutely satisfied, exceptional purchase.",2022-09-12,"P1812000017808","B1312000571558"
"R1771000494521",5,"Delighted with the purchase, fantastic value.",2022-09-21,"P1812000446400","B1312000456408"
"R1771000495711",5,"Exceeded expectations, remarkable quality.",2022-09-24,"P1812000457494","B1312000657698"
"R1771000496204",5,"Highly recommend, outstanding purchase.",2022-09-26,"P1812000377473","B1312000549698"
"R1771000497892",5,"Great value for money, remarkable product.",2022-09-27,"P1812000437358","B1312000051687"
"R1771000498487",5,"Absolutely thrilled, exceptional value.",2022-09-25,"P1812000308448","B1312000147888"
"R1771000499562",5,"Impressed with the quality, outstanding quality.",2022-09-24,"P1812000279772","B1312000216672"
"R1771000500279",5,"Exceeded expectations, fantastic purchase.",2022-09-07,"P1812000029689","B1312000587207"
"R1771000501377",5,"Exceptional product, remarkable value.",2022-09-20,"P1812000240826","B1312000059376"
"R1771000502472",5,"Thrilled with the purchase, outstanding product.",2022-10-03,"P1812000168705","B1312000884969"
"R1771000503340",5,"Top-notch quality, fantastic value.",2022-09-05,"P1812000480955","B1312000359736"
"R1771000504123",5,"Absolutely satisfied, outstanding purchase.",2022-09-30,"P1812000363264","B1312000283324"
"R1771000505778",5,"Delighted with the purchase, remarkable purchase.",2022-09-11,"P1812000115335","B1312000167385"
"R1771000506658",5,"Exceeded expectations, exceptional quality.",2022-09-26,"P1812000481678","B1312000992520"
"R1771000507802",5,"Highly recommend, fantastic value.",2022-09-21,"P1812000204497","B1312000789841"
"R1771000508136",5,"Great value for money, outstanding value.",2022-09-07,"P1812000013764","B1312000136713"
"R1771000509785",5,"Absolutely thrilled, remarkable product.",2022-09-10,"P1812000314240","B1312000804799"
"R1771000510665",5,"Impressed with the quality, exceptional purchase.",2022-09-12,"P1812000105762","B1312000788891"
"R1771000511402",5,"Exceeded expectations, fantastic quality.",2022-09-23,"P1812000396692","B1312000322880"
"R1771000512818",5,"Exceptional product, outstanding value.",2022-09-14,"P1812000106989","B1312000882688"
"R1771000513118",5,"Thrilled with the purchase, remarkable value.",2022-09-25,"P1812000016867","B1312000886333"
"R1771000514811",5,"Top-notch quality, exceptional product.",2022-10-02,"P1812000152438","B1312000977117"
"R1771000515770",5,"Absolutely satisfied, outstanding quality.",2022-09-21,"P1812000196809","B1312000259436"
"R1771000516477",5,"Delighted with the purchase, fantastic purchase.",2022-09-23,"P1812000044920","B1312000750828"
"R1771000517648",5,"Exceeded expectations, remarkable value.",2022-09-07,"P1812000132718","B1312000866732"
"R1771000518714",5,"Highly recommend, outstanding value.",2022-10-02,"P1812000156554","B1312000183653"
"R1771000519343",5,"Great value for money, exceptional purchase.",2022-09-07,"P1812000284488","B1312000064415"
"R1771000520147",5,"Absolutely thrilled, remarkable purchase.",2022-09-08,"P1812000210572","B1312000919640"
"R1771000521287",5,"Impressed with the quality, outstanding value.",2022-09-25,"P1812000397546","B1312000223334"
"R1771000522563",5,"Exceeded expectations, fantastic product.",2022-09-06,"P1812000027865","B1312000048389"
"R1771000523492",5,"Exceptional product, remarkable quality.",2022-09-25,"P1812000265765","B1312000099163"
"R1771000524238",5,"Thrilled with the purchase, outstanding purchase.",2022-09-25,"P1812000321476","B1312000716536"
"R1771000525398",5,"Top-notch quality, exceptional value.",2022-09-19,"P1812000447109","B1312000341659"
"R1771000526470",5,"Absolutely satisfied, fantastic value.",2022-09-18,"P1812000334647","B1312000684556"
"R1771000527769",5,"Delighted with the purchase, remarkable value.",2022-09-09,"P1812000316565","B1312000651906"
"R1771000528288",5,"Exceeded expectations, outstanding quality.",2022-09-13,"P1812000214874","B1312000474318"
"R1771000529410",5,"Highly recommend, fantastic purchase.",2022-09-02,"P1812000329607","B1312000881298"
"R1771000530288",5,"Great value for money, remarkable purchase.",2022-09-03,"P1812000080133","B1312000525398"
"R1771000531517",5,"Absolutely thrilled, outstanding value.",2022-09-20,"P1812000199527","B1312000828570"
"R1771000532668",5,"Impressed with the quality, exceptional product.",2022-09-16,"P1812000296810","B1312000857238"
"R1771000533481",5,"Exceeded expectations, remarkable value.",2022-09-16,"P1812000052674","B1312000719995"
"R1771000534137",5,"Exceptional product, outstanding purchase.",2022-09-13,"P1812000150337","B1312000564148"
"R1771000535183",5,"Thrilled with the purchase, remarkable product.",2022-09-15,"P1812000350684","B1312000180975"
"R1771000536418",5,"Top-notch quality, outstanding value.",2022-10-03,"P1812000238490","B1312000282429"
"R1771000537785",5,"Absolutely satisfied, exceptional value.",2022-09-21,"P1812000178263","B1312000630635"
"R1771000538945",5,"Delighted with the purchase, fantastic value.",2022-09-30,"P1812000338442","B1312000464425"
"R1771000539937",5,"Exceeded expectations, remarkable purchase.",2022-09-21,"P1812000189401","B1312000949711"
"R1771000540501",5,"Highly recommend, outstanding value.",2022-09-15,"P1812000210572","B1312000937569"
"R1771000541741",5,"Great value for money, exceptional product.",2022-09-06,"P1812000082112","B1312000712170"
"R1771000542219",5,"Absolutely thrilled, remarkable value.",2022-09-22,"P1812000452308","B1312000422276"
"R1771000543811",5,"Impressed with the quality, outstanding purchase.",2022-09-27,"P1812000270321","B1312000643400"
"R1771000544430",5,"Exceeded expectations, fantastic quality.",2022-09-27,"P1812000155236","B1312000178263"
"R1771000545632",5,"Exceptional product, outstanding value.",2022-09-18,"P1812000262638","B1312000670495"
"R1771000546540",5,"Thrilled with the purchase, remarkable quality.",2022-09-22,"P1812000015702","B1312000889154"
"R1771000547298",5,"Top-notch quality, exceptional value.",2022-09-13,"P1812000487339","B1312000420563"
"R1771000548598",5,"Delighted with the purchase, remarkable value.",2022-09-30,"P1812000260896","B1312000278337"
"R1771000549698",5,"Exceptional product, remarkable quality.",2022-09-07,"P1812000450447","B1312000866732"
"R1771000550171",5,"Thrilled with the purchase, exceeded expectations.",2022-09-25,"P1812000465173","B1312000669433"
"R1771000551414",5,"Perfect product, absolutely satisfied.",2022-09-14,"P1812000062530","B1312000783167"
"R1771000552813",5,"Impressed with the quality, exceptional product.",2022-09-28,"P1812000065322","B1312000068705"
"R1771000553776",5,"Fantastic product, highly recommend.",2022-10-01,"P1812000282429","B1312000229621"
"R1771000554180",5,"Thrilled with the purchase, remarkable value.",2022-09-05,"P1812000084994","B1312000220930"
"R1771000555154",5,"Excellent product, exceeded expectations.",2022-09-13,"P1812000215285","B1312000019447"
"R1771000556233",5,"Exceptional product, outstanding value.",2022-09-04,"P1812000384457","B1312000725236"
"R1771000557523",5,"Exceeded expectations, outstanding quality.",2022-09-02,"P1812000092523","B1312000629913"
"R1771000558855",5,"Thrilled with the purchase, remarkable product.",2022-09-09,"P1812000337864","B1312000122884"
"R1771000559105",5,"Thrilled with the purchase, fantastic value.",2022-10-01,"P1812000453567","B1312000175971"
"R1771000560227",5,"Top-notch quality, fantastic value.",2022-09-13,"P1812000214874","B1312000655895"
"R1771000561978",5,"Delighted with the purchase, highly recommend.",2022-09-13,"P1812000043234","B1312000528288"
"R1771000562767",5,"Exceeded expectations, fantastic product.",2022-09-14,"P1812000450447","B1312000820777"
"R1771000563899",5,"Highly recommend, couldn't be happier.",2022-09-23,"P1812000221153","B1312000936454"
"R1771000564148",5,"Highly recommend, fantastic value.",2022-09-27,"P1812000441388","B1312000017808"
"R1771000565838",5,"Top-notch quality, very impressed.",2022-09-15,"P1812000207644","B1312000180975"
"R1771000566575",5,"Absolutely satisfied, outstanding quality.",2022-09-21,"P1812000067215","B1312000386523"
"R1771000567338",5,"Exceeded expectations, remarkable value.",2022-09-12,"P1812000048389","B1312000524238"
"R1771000568439",5,"Highly recommend, remarkable purchase.",2022-09-24,"P1812000361138","B1312000975247"
"R1771000569292",5,"Exceeded expectations, exceptional quality.",2022-09-29,"P1812000498487","B1312000247716"
"R1771000570808",5,"Absolutely thrilled, remarkable value.",2022-10-01,"P1812000227512","B1312000602350"
"R1771000571558",5,"Delighted with the purchase, fantastic purchase.",2022-09-23,"P1812000357959","B1312000023125"
"R1771000572402",5,"Highly recommend, remarkable product.",2022-09-26,"P1812000350684","B1312000640122"
"R1771000573247",5,"Absolutely satisfied, outstanding quality.",2022-09-14,"P1812000170883","B1312000143425"
"R1771000574997",5,"Highly recommend, fantastic purchase.",2022-09-05,"P1812000045323","B1312000147888"
"R1771000575289",5,"Great value for money, exceptional quality.",2022-09-25,"P1812000335574","B1312000051687"
"R1771000576723",5,"Top-notch product, exceeded expectations.",2022-09-13,"P1812000098257","B1312000296810"
"R1771000577290",5,"Exceptional product, outstanding purchase.",2022-09-22,"P1812000474318","B1312000339422"
"R1771000578545",5,"Impressed with the quality, highly recommend.",2022-09-28,"P1812000254228","B1312000988570"
"R1771000579218",5,"Thrilled with the purchase, outstanding quality.",2022-09-10,"P1812000464425","B1312000804799"
"R1771000580726",5,"Exceeded expectations, fantastic quality.",2022-09-19,"P1812000442147","B1312000816271"
"R1771000581621",5,"Exceeded expectations, remarkable quality.",2022-09-12,"P1812000497892","B1312000779700"
"R1771000582726",5,"Impressed with the quality, remarkable product.",2022-09-06,"P1812000394491","B1312000386523"
"R1771000583158",5,"Impressed with the product, exceeded expectations.",2022-09-21,"P1812000368965","B1312000969108"
"R1771000584916",5,"Highly recommend, outstanding purchase.",2022-09-15,"P1812000029689","B1312000743583"
"R1771000585160",5,"Extremely satisfied, excellent purchase.",2022-09-20,"P1812000288154","B1312000264856"
"R1771000586521",5,"Impressed with the quality, excellent purchase.",2022-09-27,"P1812000019447","B1312000715875"
"R1771000587207",5,"Outstanding product, worth every penny.",2022-09-24,"P1812000377473","B1312000859580"
"R1771000588391",5,"Impressed with the quality, outstanding purchase.",2022-09-24,"P1812000011113","B1312000859580"
"R1771000589472",5,"Exceeded expectations, remarkable value.",2022-10-02,"P1812000361138","B1312000484135"
"R1771000590634",5,"Great value for money, top-notch quality.",2022-09-23,"P1812000474318","B1312000830326"
"R1771000591214",5,"Great value for money, outstanding quality.",2022-09-16,"P1812000026748","B1312000616523"
"R1771000592699",5,"Thrilled with the purchase, remarkable quality.",2022-09-19,"P1812000243567","B1312000142104"
"R1771000593743",5,"Top-notch quality, exceptional value.",2022-09-06,"P1812000066627","B1312000386523"
"R1771000594512",5,"Absolutely satisfied, exceptional purchase.",2022-09-29,"P1812000139490","B1312000048389"
"R1771000595797",5,"Delighted with the purchase, fantastic product.",2022-09-25,"P1812000174119","B1312000002562"
"R1771000596862",5,"Top-notch quality, highly recommend.",2022-09-28,"P1812000377473","B1312000988570"
"R1771000597302",5,"Impressed with the quality, outstanding value.",2022-09-19,"P1812000189401","B1312000193718"
"R1771000598857",5,"Absolutely satisfied, fantastic value.",2022-10-01,"P1812000092523","B1312000737935"
"R1771000599345",5,"Highly recommend, outstanding value.",2022-09-07,"P1812000097209","B1312000064415"
"R1771000600539",5,"Great value for money, exceptional product.",2022-09-30,"P1812000326973","B1312000489731"
"R1771000601789",5,"Exceeded expectations, remarkable quality.",2022-10-02,"P1812000155236","B1312000524238"
"R1771000602350",5,"Exceeded expectations, fantastic product.",2022-09-26,"P1812000313485","B1312000649336"
"R1771000603659",5,"Absolutely thrilled, exceptional value.",2022-09-14,"P1812000152438","B1312000337864"
"R1771000604742",5,"Highly recommend, great value for money.",2022-09-04,"P1812000399843","B1312000118825"
"R1771000605644",5,"Absolutely satisfied, exceptional quality.",2022-09-22,"P1812000480955","B1312000548598"
"R1771000606261",5,"Thrilled with the purchase, remarkable purchase.",2022-09-25,"P1812000042408","B1312000309500"
"R1771000607421",5,"Very impressed, exceeded expectations.",2022-09-25,"P1812000073953","B1312000622320"
"R1771000608675",5,"Top-notch product, highly recommend.",2022-09-19,"P1812000322880","B1312000121785"
"R1771000609267",5,"Exceptional product, fantastic value.",2022-09-18,"P1812000415115","B1312000850795"
"R1771000610541",5,"Exceptional product, remarkable value.",2022-09-28,"P1812000192805","B1312000586521"
"R1771000611887",5,"Absolutely satisfied, top-notch quality.",2022-09-13,"P1812000205627","B1312000564148"
"R1771000612177",5,"Delighted with the purchase, remarkable purchase.",2022-09-22,"P1812000213364","B1312000920475"
"R1771000613764",5,"Exceeded expectations, outstanding value.",2022-09-22,"P1812000307309","B1312000339422"
"R1771000614592",5,"Great value for money, exceptional purchase.",2022-09-24,"P1812000314240","B1312000601789"
"R1771000615298",5,"Great purchase, highly recommend.",2022-09-17,"P1812000438593","B1312000882688"
"R1771000616523",5,"Highly recommend, outstanding value.",2022-09-24,"P1812000152438","B1312000405463"
"R1771000617544",5,"Great value for money, exceptional product.",2022-09-22,"P1812000480955","B1312000348386"
"R1771000618194",5,"Absolutely satisfied, outstanding purchase.",2022-09-22,"P1812000195529","B1312000339422"
"R1771000619563",5,"Thrilled with the purchase, outstanding product.",2022-09-27,"P1812000285216","B1312000643400"
"R1771000620478",5,"Absolutely thrilled, outstanding value.",2022-09-13,"P1812000337864","B1312000564148"
"R1771000621441",5,"Delighted with the purchase, fantastic value.",2022-09-22,"P1812000095770","B1312000583158"
"R1771000622320",5,"Absolutely satisfied, highly recommend.",2022-09-26,"P1812000465173","B1312000640122"
"R1771000623795",5,"Impressed with the quality, outstanding quality.",2022-10-02,"P1812000090636","B1312000183653"
"R1771000624260",5,"Exceeded expectations, excellent value.",2022-09-14,"P1812000198811","B1312000034943"
"R1771000625719",5,"Thrilled with the purchase, outstanding purchase.",2022-09-16,"P1812000216672","B1312000752660"
"R1771000626547",5,"Impressed with the quality, fantastic purchase.",2022-09-22,"P1812000339422","B1312000619563"
"R1771000627341",5,"Impressed with the quality, outstanding purchase.",2022-09-23,"P1812000085854","B1312000353889"
"R1771000628792",5,"Exceptional product, fantastic purchase.",2022-09-29,"P1812000384457","B1312000711733"
"R1771000629913",5,"Delighted with the purchase, outstanding product.",2022-10-01,"P1812000262638","B1312000052674"
"R1771000630635",5,NA,2022-09-18,"P1812000314240","B1312000132718"
"R1771000631927",5,NA,2022-09-14,"P1812000402986","B1312000933757"
"R1771000632506",5,NA,2022-09-29,"P1812000400342","B1312000663140"
"R1771000633328",5,NA,2022-09-11,"P1812000468366","B1312000204497"
"R1771000634323",5,NA,2022-09-18,"P1812000254228","B1312000069873"
"R1771000635884",5,NA,2022-09-11,"P1812000250369","B1312000041122"
"R1771000636573",5,NA,2022-09-24,"P1812000111150","B1312000176294"
"R1771000637798",5,NA,2022-09-26,"P1812000282429","B1312000640122"
"R1771000638540",5,NA,2022-09-05,"P1812000206480","B1312000911154"
"R1771000639270",5,NA,2022-09-26,"P1812000412889","B1312000224388"
"R1771000640122",5,NA,2022-09-28,"P1812000377473","B1312000035242"
"R1771000641317",5,NA,2022-09-25,"P1812000208139","B1312000681779"
"R1771000642583",5,NA,2022-09-12,"P1812000144883","B1312000249378"
"R1771000643400",5,NA,2022-09-09,"P1812000255317","B1312000373902"
"R1771000644747",5,NA,2022-09-13,"P1812000125843","B1312000103810"
"R1771000645178",5,NA,2022-09-24,"P1812000101576","B1312000695190"
"R1771000646610",5,NA,2022-10-01,"P1812000397546","B1312000204497"
"R1771000647606",5,NA,2022-09-09,"P1812000009328","B1312000893587"
"R1771000648263",5,NA,2022-09-28,"P1812000487339","B1312000497892"
"R1771000649336",5,NA,2022-09-25,"P1812000029689","B1312000266652"
"R1771000650678",5,NA,2022-09-25,"P1812000252745","B1312000198811"
"R1771000651906",5,NA,2022-09-30,"P1812000096220","B1312000720536"
"R1771000652521",5,NA,2022-09-13,"P1812000281615","B1312000838892"
"R1771000653592",5,NA,2022-09-24,"P1812000174119","B1312000538945"
"R1771000654829",5,NA,2022-09-23,"P1812000312276","B1312000376274"
"R1771000655895",5,NA,2022-09-24,"P1812000432483","B1312000959386"
"R1771000656308",5,NA,2022-09-06,"P1812000207644","B1312000990267"
"R1771000657698",5,NA,2022-10-01,"P1812000328521","B1312000941357"
"R1771000658792",5,NA,2022-09-24,"P1812000409240","B1312000693431"
"R1771000659457",5,NA,2022-09-15,"P1812000079917","B1312000793685"
"R1771000660749",5,NA,2022-09-16,"P1812000335574","B1312000786664"
"R1771000661976",5,NA,2022-09-28,"P1812000299856","B1312000678151"
"R1771000662457",5,NA,2022-09-26,"P1812000076851","B1312000275156"
"R1771000663140",5,NA,2022-09-24,"P1812000252745","B1312000677300"
"R1771000664228",5,NA,2022-09-14,"P1812000189401","B1312000073953"
"R1771000665947",5,NA,2022-10-02,"P1812000496204","B1312000903446"
"R1771000666985",5,NA,2022-09-26,"P1812000143425","B1312000707266"
"R1771000667549",5,NA,2022-09-13,"P1812000324544","B1312000019447"
"R1771000668331",5,NA,2022-09-27,"P1812000151863","B1312000615298"
"R1771000669433",5,NA,2022-09-14,"P1812000352325","B1312000035242"
"R1771000670495",5,NA,2022-09-29,"P1812000277262","B1312000048389"
"R1771000671829",5,NA,2022-09-15,"P1812000067215","B1312000793685"
"R1771000672939",5,NA,2022-09-29,"P1812000125843","B1312000048389"
"R1771000673738",5,NA,2022-09-15,"P1812000274520","B1312000363264"
"R1771000674140",5,NA,2022-09-26,"P1812000184926","B1312000472303"
"R1771000675363",5,NA,2022-09-20,"P1812000199527","B1312000806941"
"R1771000676796",5,NA,2022-09-13,"P1812000127342","B1312000067215"
"R1771000677300",5,NA,2022-09-25,"P1812000021454","B1312000328521"
"R1771000678151",5,NA,2022-09-06,"P1812000128961","B1312000380476"
"R1771000679324",5,NA,2022-09-19,"P1812000281615","B1312000121785"
"R1771000680166",5,NA,2022-09-23,"P1812000112173","B1312000613764"
"R1771000681779",5,NA,2022-09-27,"P1812000412889","B1312000258797"
"R1771000682869",5,NA,2022-09-25,"P1812000462640","B1312000266652"
"R1771000683676",5,NA,2022-10-03,"P1812000014701","B1312000733228"
"R1771000684556",5,NA,2022-09-24,"P1812000137866","B1312000040941"
"R1771000685640",5,NA,2022-09-25,"P1812000357959","B1312000622320"
"R1771000686119",5,NA,2022-09-12,"P1812000465173","B1312000238490"
"R1771000687305",5,NA,2022-10-02,"P1812000337864","B1312000705694"
"R1771000688223",5,NA,2022-09-30,"P1812000256717","B1312000664228"
"R1771000689691",5,NA,2022-09-02,"P1812000038720","B1312000629913"
"R1771000690874",5,NA,2022-09-21,"P1812000312276","B1312000651906"
"R1771000691839",5,NA,2022-09-05,"P1812000248456","B1312000495711"
"R1771000692144",5,NA,2022-09-17,"P1812000182276","B1312000882688"
"R1771000693431",5,NA,2022-09-19,"P1812000359736","B1312000403110"
"R1771000694380",5,NA,2022-09-25,"P1812000105762","B1312000198811"
"R1771000695190",5,NA,2022-09-08,"P1812000143425","B1312000708598"
"R1771000696752",5,NA,2022-09-25,"P1812000329607","B1312000900917"
"R1771000697237",5,NA,2022-10-02,"P1812000359736","B1312000020748"
"R1771000698705",5,NA,2022-09-23,"P1812000482721","B1312000725236"
"R1771000699226",5,NA,2022-09-20,"P1812000335574","B1312000462640"
"R1771000700524",5,NA,2022-09-07,"P1812000282429","B1312000866732"
"R1771000701879",5,NA,2022-09-14,"P1812000204497","B1312000359736"
"R1771000702107",5,NA,2022-09-02,"P1812000379214","B1312000979447"
"R1771000703938",5,NA,2022-09-20,"P1812000415115","B1312000828570"
"R1771000704370",5,NA,2022-09-28,"P1812000104166","B1312000117429"
"R1771000705694",5,NA,2022-09-24,"P1812000085854","B1312000180975"
"R1771000706846",5,NA,2022-09-21,"P1812000379214","B1312000033472"
"R1771000707266",5,NA,2022-10-02,"P1812000131212","B1312000020748"
"R1771000708598",5,NA,2022-09-09,"P1812000408560","B1312000716536"
"R1771000709354",5,NA,2022-09-06,"P1812000216672","B1312000603659"
"R1771000710698",5,NA,2022-09-17,"P1812000487339","B1312000082112"
"R1771000711733",5,NA,2022-09-05,"P1812000368965","B1312000025525"
"R1771000712170",5,NA,2022-09-27,"P1812000173558","B1312000442147"
"R1771000713871",5,NA,2022-09-13,"P1812000311357","B1312000564148"
"R1771000714180",5,NA,2022-09-27,"P1812000162978","B1312000442147"
"R1771000715875",5,NA,2022-09-30,"P1812000090636","B1312000922634"
"R1771000716536",5,NA,2022-09-06,"P1812000336390","B1312000415115"
"R1771000717678",5,NA,2022-09-29,"P1812000281615","B1312000430745"
"R1771000718975",5,NA,2022-09-21,"P1812000015702","B1312001000323"
"R1771000719995",5,NA,2022-09-08,"P1812000051687","B1312000221153"
"R1771000720536",5,NA,2022-09-26,"P1812000129946","B1312000311357"
"R1771000721849",5,NA,2022-10-03,"P1812000182276","B1312000681779"
"R1771000722369",5,NA,2022-09-16,"P1812000327333","B1312000980166"
"R1771000723511",5,NA,2022-09-15,"P1812000304930","B1312000886333"
"R1771000724745",5,NA,2022-09-09,"P1812000220930","B1312000913469"
"R1771000725236",5,NA,2022-09-18,"P1812000117429","B1312000850795"
"R1771000726772",5,NA,2022-09-21,"P1812000396692","B1312000456408"
"R1771000727727",5,NA,2022-09-11,"P1812000378422","B1312000353889"
"R1771000728145",5,NA,2022-09-23,"P1812000171443","B1312000962587"
"R1771000729163",5,NA,2022-09-23,"P1812000199527","B1312000530288"
"R1771000730630",5,NA,2022-09-11,"P1812000390503","B1312000339422"
"R1771000731328",5,NA,2022-09-11,"P1812000065322","B1312000719995"
"R1771000732709",5,NA,2022-09-22,"P1812000095770","B1312000548598"
"R1771000733228",5,NA,2022-09-24,"P1812000295233","B1312000852615"
"R1771000734319",5,NA,2022-09-12,"P1812000247716","B1312000176294"
"R1771000735791",5,NA,2022-09-06,"P1812000335574","B1312000317229"
"R1771000736321",5,NA,2022-09-20,"P1812000187732","B1312000284488"
"R1771000737935",5,NA,2022-09-23,"P1812000427303","B1312000072697"
"R1771000738606",5,NA,2022-09-24,"P1812000041122","B1312000831933"
"R1771000739701",5,NA,2022-09-12,"P1812000041122","B1312000165868"
"R1771000740221",5,NA,2022-09-29,"P1812000210572","B1312000236663"
"R1771000741430",5,NA,2022-09-06,"P1812000027865","B1312000317229"
"R1771000742601",5,NA,2022-09-26,"P1812000040941","B1312000992520"
"R1771000743583",5,NA,2022-09-21,"P1812000159688","B1312000309500"
"R1771000744886",5,NA,2022-09-30,"P1812000478218","B1312000289316"
"R1771000745390",5,NA,2022-09-13,"P1812000332179","B1312000103810"
"R1771000746842",5,NA,2022-10-02,"P1812000437358","B1312000764954"
"R1771000747808",5,NA,2022-09-11,"P1812000408560","B1312000719995"
"R1771000748928",5,NA,2022-09-04,"P1812000320687","B1312000277262"
"R1771000749268",5,NA,2022-09-16,"P1812000285216","B1312000288154"
"R1771000750828",5,NA,2022-09-25,"P1812000179151","B1312000662457"
"R1771000751546",5,NA,2022-09-04,"P1812000081615","B1312000316565"
"R1771000752660",5,NA,2022-09-24,"P1812000111150","B1312000504123"
"R1771000753440",5,NA,2022-09-30,"P1812000243567","B1312000615298"
"R1771000754168",5,NA,2022-09-28,"P1812000101576","B1312000073953"
"R1771000755419",5,NA,2022-09-08,"P1812000243567","B1312000837634"
"R1771000756603",5,NA,2022-09-05,"P1812000023125","B1312000887628"
"R1771000757175",5,NA,2022-09-27,"P1812000050171","B1312000457494"
"R1771000758101",5,NA,2022-10-03,"P1812000426661","B1312000611887"
"R1771000759985",5,NA,2022-09-28,"P1812000014701","B1312000312276"
"R1771000760885",5,NA,2022-10-03,"P1812000298787","B1312000611887"
"R1771000761871",5,NA,2022-09-12,"P1812000092523","B1312000183653"
"R1771000762205",5,NA,2022-09-08,"P1812000469986","B1312000857238"
"R1771000763210",5,NA,2022-09-25,"P1812000461360","B1312000124409"
"R1771000764954",5,NA,2022-09-28,"P1812000033472","B1312000278337"
"R1771000765473",5,NA,2022-09-17,"P1812000497892","B1312000210572"
"R1771000766171",5,NA,2022-09-21,"P1812000244608","B1312000096220"
"R1771000767548",5,NA,2022-09-25,"P1812000177960","B1312000964364"
"R1771000768987",5,NA,2022-10-02,"P1812000279772","B1312000774717"
"R1771000769328",5,NA,2022-09-13,"P1812000357959","B1312000514811"
"R1771000770622",5,NA,2022-10-02,"P1812000247716","B1312000020748"
"R1771000771818",5,NA,2022-09-15,"P1812000050171","B1312000369376"
"R1771000772434",5,NA,2022-09-14,"P1812000436414","B1312000040941"
"R1771000773155",5,NA,2022-10-01,"P1812000199527","B1312000752660"
"R1771000774717",5,NA,2022-09-07,"P1812000256717","B1312000663140"
"R1771000775370",5,NA,2022-09-08,"P1812000390503","B1312000902759"
"R1771000776306",5,NA,2022-09-03,"P1812000361138","B1312000525398"
"R1771000777535",5,NA,2022-09-30,"P1812000184926","B1312000941357"
"R1771000778975",5,NA,2022-09-15,"P1812000062530","B1312000089188"
"R1771000779700",5,NA,2022-09-08,"P1812000336390","B1312000242259"
"R1771000780391",5,NA,2022-09-26,"P1812000231153","B1312000239508"
"R1771000781486",5,NA,2022-09-13,"P1812000288154","B1312000976750"
"R1771000782362",5,NA,2022-09-17,"P1812000385781","B1312000628792"
"R1771000783167",5,NA,2022-09-13,"P1812000473822","B1312000295233"
"R1771000784219",5,NA,2022-09-14,"P1812000134250","B1312000843888"
"R1771000785843",5,NA,2022-09-24,"P1812000184926","B1312000380476"
"R1771000786664",5,NA,2022-09-10,"P1812000379214","B1312000134250"
"R1771000787456",5,NA,2022-09-21,"P1812000384457","B1312000456408"
"R1771000788891",5,NA,2022-09-06,"P1812000203528","B1312000816271"
"R1771000789841",5,NA,2022-09-25,"P1812000317229","B1312000099163"
"R1771000790935",5,NA,2022-09-05,"P1812000371175","B1312000571558"
"R1771000791934",5,NA,2022-09-14,"P1812000064415","B1312000854411"
"R1771000792622",5,NA,2022-09-14,"P1812000131212","B1312000140254"
"R1771000793685",5,NA,2022-09-09,"P1812000256717","B1312000432483"
"R1771000794355",5,NA,2022-09-13,"P1812000252745","B1312000528288"
"R1771000795448",5,NA,2022-09-23,"P1812000328521","B1312000830326"
"R1771000796570",5,NA,2022-09-21,"P1812000382707","B1312000033472"
"R1771000797187",5,NA,2022-09-04,"P1812000150337","B1312000751546"
"R1771000798515",5,NA,2022-09-27,"P1812000447109","B1312000040941"
"R1771000799956",5,NA,2022-09-26,"P1812000365132","B1312000207644"
"R1771000800110",5,NA,2022-09-06,"P1812000492109","B1312000390503"
"R1771000801685",5,NA,2022-09-26,"P1812000188491","B1312000482721"
"R1771000802562",5,NA,2022-09-08,"P1812000113277","B1312000107946"
"R1771000803854",5,NA,2022-09-05,"P1812000184926","B1312000359736"
"R1771000804799",5,NA,2022-09-22,"P1812000245156","B1312000512818"
"R1771000805386",5,NA,2022-09-25,"P1812000391841","B1312000181633"
"R1771000806941",5,NA,2022-09-04,"P1812000479551","B1312000890991"
"R1771000807784",5,NA,2022-09-07,"P1812000332179","B1312000187732"
"R1771000808926",5,NA,2022-09-26,"P1812000147888","B1312000435502"
"R1771000809379",5,NA,2022-09-29,"P1812000080133","B1312000828570"
"R1771000810611",5,NA,2022-09-12,"P1812000056958","B1312000544430"
"R1771000811902",5,NA,2022-09-30,"P1812000221153","B1312000922634"
"R1771000812341",5,NA,2022-09-25,"P1812000145379","B1312000886333"
"R1771000813877",5,NA,2022-09-22,"P1812000006917","B1312000475795"
"R1771000814163",5,NA,2022-10-03,"P1812000120311","B1312000681779"
"R1771000815427",5,NA,2022-09-25,"P1812000064415","B1312000309500"
"R1771000816271",5,NA,2022-09-21,"P1812000435502","B1312000431563"
"R1771000817397",5,NA,2022-09-21,"P1812000155236","B1312000969108"
"R1771000818259",5,NA,2022-09-21,"P1812000399843","B1312000389496"
"R1771000819778",5,NA,2022-09-22,"P1812000306567","B1312000827690"
"R1771000820777",5,NA,2022-09-19,"P1812000290696","B1312000303920"
"R1771000821628",5,NA,2022-09-10,"P1812000141525","B1312000456408"
"R1771000822567",5,NA,2022-09-04,"P1812000374129","B1312000051687"
"R1771000823483",5,NA,2022-09-15,"P1812000392247","B1312000089188"
"R1771000824840",5,NA,2022-09-11,"P1812000156554","B1312000584916"
"R1771000825464",5,NA,2022-09-23,"P1812000066627","B1312000962587"
"R1771000826997",5,NA,2022-09-26,"P1812000207644","B1312000702107"
"R1771000827690",5,NA,2022-09-19,"P1812000472303","B1312000497892"
"R1771000828570",5,NA,2022-09-11,"P1812000219251","B1312000408560"
"R1771000829978",5,NA,2022-09-25,"P1812000123913","B1312000985650"
"R1771000830326",5,NA,2022-09-18,"P1812000082112","B1312000412889"
"R1771000831933",5,NA,2022-09-22,"P1812000137866","B1312000918632"
"R1771000832937",5,NA,2022-09-28,"P1812000361138","B1312000175971"
"R1771000833721",5,NA,2022-09-13,"P1812000151863","B1312000074138"
"R1771000834414",5,NA,2022-09-25,"P1812000064415","B1312000396692"
"R1771000835342",5,NA,2022-09-12,"P1812000278337","B1312000238490"
"R1771000836364",5,NA,2022-09-03,"P1812000322880","B1312000525398"
"R1771000837634",5,NA,2022-09-24,"P1812000238490","B1312000971380"
"R1771000838892",5,NA,2022-09-26,"P1812000186622","B1312000549698"
"R1771000839211",5,NA,2022-09-21,"P1812000120311","B1312000561978"
"R1771000840555",5,NA,2022-09-24,"P1812000210572","B1312000504123"
"R1771000841192",5,NA,2022-09-10,"P1812000201349","B1312000456408"
"R1771000842588",5,NA,2022-09-14,"P1812000344890","B1312000071555"
"R1771000843888",5,NA,2022-09-18,"P1812000368965","B1312000670495"
"R1771000844730",5,NA,2022-09-17,"P1812000313485","B1312000475795"
"R1771000845147",5,NA,2022-09-09,"P1812000474318","B1312000390503"
"R1771000846581",5,NA,2022-09-25,"P1812000029689","B1312000198811"
"R1771000847347",5,NA,2022-09-29,"P1812000178263","B1312000663140"
"R1771000848204",5,NA,2022-09-18,"P1812000396692","B1312000670495"
"R1771000849270",5,NA,2022-09-13,"P1812000365132","B1312000655895"
"R1771000850795",5,NA,2022-09-02,"P1812000150337","B1312000629913"
"R1771000851558",5,NA,2022-09-16,"P1812000481678","B1312000321476"
"R1771000852615",5,NA,2022-09-28,"P1812000137866","B1312000845147"
"R1771000853938",5,NA,2022-09-04,"P1812000076851","B1312000118825"
"R1771000854411",5,NA,2022-09-08,"P1812000312276","B1312000967577"
"R1771000855661",5,NA,2022-09-19,"P1812000243567","B1312000491403"
"R1771000856991",5,NA,2022-09-27,"P1812000399843","B1312000860942"
"R1771000857238",5,NA,2022-09-20,"P1812000465173","B1312000073953"
"R1771000858857",5,NA,2022-09-12,"P1812000052674","B1312000722369"
"R1771000859580",5,NA,2022-09-25,"P1812000386523","B1312000124409"
"R1771000860942",5,NA,2022-09-14,"P1812000408560","B1312000292757"
"R1771000861927",5,NA,2022-09-24,"P1812000464425","B1312000538945"
"R1771000862349",5,NA,2022-09-22,"P1812000352325","B1312000325809"
"R1771000863841",5,NA,2022-09-13,"P1812000110747","B1312000074138"
"R1771000864696",5,NA,2022-09-13,"P1812000366182","B1312000030692"
"R1771000865429",5,NA,2022-10-02,"P1812000226864","B1312000729163"
"R1771000866732",5,NA,2022-09-16,"P1812000370308","B1312000221153"
"R1771000867725",5,NA,2022-10-02,"P1812000168705","B1312000587207"
"R1771000868294",5,NA,2022-09-08,"P1812000136713","B1312000221153"
"R1771000869198",5,NA,2022-09-26,"P1812000128961","B1312000075258"
"R1771000870197",5,NA,2022-09-30,"P1812000457494","B1312000426661"
"R1771000871157",5,NA,2022-09-05,"P1812000145379","B1312000359736"
"R1771000872523",5,NA,2022-09-23,"P1812000453567","B1312000613764"
"R1771000873624",5,NA,2022-09-27,"P1812000204497","B1312000850795"
"R1771000874107",5,NA,2022-09-06,"P1812000163138","B1312000276759"
"R1771000875357",5,NA,2022-09-26,"P1812000490961","B1312000617544"
"R1771000876734",5,NA,2022-10-02,"P1812000116709","B1312000855661"
"R1771000877361",5,NA,2022-09-12,"P1812000306567","B1312000788891"
"R1771000878698",5,NA,2022-09-13,"P1812000153138","B1312000020748"
"R1771000879628",5,NA,2022-09-22,"P1812000342549","B1312000014701"
"R1771000880305",5,NA,2022-09-29,"P1812000067215","B1312000898308"
"R1771000881298",5,NA,2022-09-27,"P1812000043234","B1312000671829"
"R1771000882688",5,NA,2022-09-28,"P1812000215285","B1312000153138"
"R1771000883939",5,NA,2022-09-11,"P1812000307309","B1312000220930"
"R1771000884969",5,NA,2022-09-13,"P1812000075258","B1312000072697"
"R1771000885558",5,NA,2022-09-10,"P1812000150337","B1312000134250"
"R1771000886333",5,NA,2022-09-05,"P1812000269597","B1312000583158"
"R1771000887628",5,NA,2022-09-30,"P1812000095770","B1312000144883"
"R1771000888938",5,NA,2022-09-27,"P1812000044920","B1312000960565"
"R1771000889154",5,NA,2022-10-02,"P1812000136713","B1312000946104"
"R1771000890991",5,NA,2022-09-21,"P1812000372193","B1312000280677"
"R1771000891630",5,NA,2022-09-23,"P1812000207644","B1312000489731"
"R1771000892852",5,NA,2022-09-09,"P1812000288154","B1312000332179"
"R1771000893587",5,NA,2022-09-28,"P1812000101576","B1312000586521"
"R1771000894370",5,NA,2022-09-11,"P1812000497892","B1312000041122"
"R1771000895497",5,NA,2022-09-24,"P1812000165868","B1312000275156"
"R1771000896317",5,NA,2022-09-10,"P1812000356396","B1312000287747"
"R1771000897254",5,NA,2022-09-08,"P1812000105762","B1312000933757"
"R1771000898308",5,NA,2022-09-13,"P1812000284488","B1312000296810"
"R1771000899644",5,NA,2022-09-12,"P1812000250369","B1312000249378"
"R1771000900917",5,NA,2022-09-20,"P1812000446400","B1312000815427"
"R1771000901885",5,NA,2022-09-20,"P1812000216672","B1312000594512"
"R1771000902759",5,NA,2022-09-10,"P1812000458207","B1312000262638"
"R1771000903446",5,NA,2022-09-26,"P1812000009328","B1312000224388"
"R1771000904909",5,NA,2022-09-06,"P1812000326973","B1312000712170"
"R1771000905173",5,NA,2022-09-25,"P1812000441388","B1312000925293"
"R1771000906664",5,NA,2022-09-16,"P1812000491403","B1312000497892"
"R1771000907930",5,NA,2022-10-01,"P1812000365132","B1312000752660"
"R1771000908428",5,NA,2022-09-25,"P1812000177960","B1312000681779"
"R1771000909770",5,NA,2022-09-14,"P1812000481678","B1312000882688"
"R1771000910438",5,NA,2022-09-06,"P1812000273756","B1312000267823"
"R1771000911154",5,NA,2022-09-28,"P1812000361138","B1312000175971"
"R1771000912346",5,NA,2022-10-02,"P1812000043234","B1312000610541"
"R1771000913469",5,NA,2022-09-05,"P1812000151863","B1312000147888"
"R1771000914629",5,NA,2022-09-29,"P1812000233974","B1312000430745"
"R1771000915975",5,NA,2022-09-19,"P1812000319802","B1312000711733"
"R1771000916143",5,NA,2022-09-20,"P1812000131212","B1312000903446"
"R1771000917959",5,NA,2022-09-07,"P1812000048389","B1312000329607"
"R1771000918632",5,NA,2022-09-23,"P1812000134250","B1312000725236"
"R1771000919640",5,NA,2022-09-19,"P1812000196809","B1312000493764"
"R1771000920475",5,NA,2022-09-04,"P1812000192805","B1312000613764"
"R1771000921183",5,NA,2022-09-24,"P1812000033472","B1312000911154"
"R1771000922634",5,NA,2022-09-07,"P1812000384457","B1312000035242"
"R1771000923653",5,NA,2022-09-06,"P1812000208139","B1312000857238"
"R1771000924808",5,NA,2022-09-22,"P1812000118825","B1312000475795"
"R1771000925293",5,NA,2022-09-30,"P1812000085854","B1312000585160"
"R1771000926693",5,NA,2022-09-04,"P1812000118825","B1312000740221"
"R1771000927559",5,NA,2022-09-06,"P1812000277262","B1312000542219"
"R1771000928929",5,NA,2022-09-14,"P1812000402986","B1312000367495"
"R1771000929675",5,NA,2022-09-28,"P1812000115335","B1312000762205"
"R1771000930176",5,NA,2022-09-23,"P1812000307309","B1312000263618"
"R1771000931718",5,NA,2022-09-13,"P1812000092523","B1312000103810"
"R1771000932790",5,NA,2022-09-24,"P1812000128961","B1312000405463"
"R1771000933757",5,NA,2022-09-11,"P1812000349833","B1312000643400"
"R1771000934365",5,NA,2022-09-04,"P1812000169599","B1312000740221"
"R1771000935812",5,NA,2022-09-10,"P1812000330979","B1312000937569"
"R1771000936454",5,NA,2022-09-09,"P1812000090636","B1312000267823"
"R1771000937569",5,NA,2022-09-25,"P1812000460725","B1312000070846"
"R1771000938438",5,NA,2022-09-27,"P1812000408560","B1312000159688"
"R1771000939299",5,NA,2022-09-24,"P1812000473822","B1312000827690"
"R1771000940336",5,NA,2022-09-04,"P1812000396692","B1312000890991"
"R1771000941357",5,NA,2022-09-06,"P1812000370308","B1312000390503"
"R1771000942479",5,NA,2022-09-29,"P1812000281615","B1312000392247"
"R1771000943992",5,NA,2022-09-05,"P1812000291656","B1312000920475"
"R1771000944865",5,NA,2022-09-04,"P1812000250369","B1312000956157"
"R1771000945211",5,NA,2022-09-27,"P1812000083168","B1312000440859"
"R1771000946104",5,NA,2022-09-12,"P1812000215285","B1312000165868"
"R1771000947568",5,NA,2022-09-13,"P1812000042408","B1312000067215"
"R1771000948578",5,NA,2022-09-09,"P1812000231153","B1312000248456"
"R1771000949711",5,NA,2022-09-24,"P1812000132718","B1312000693431"
"R1771000950510",5,NA,2022-09-23,"P1812000425677","B1312000613764"
"R1771000951506",5,NA,2022-09-24,"P1812000111150","B1312000289316"
"R1771000952998",5,NA,2022-10-03,"P1812000064415","B1312000274520"
"R1771000953754",5,NA,2022-09-24,"P1812000208139","B1312000180975"
"R1771000954845",5,NA,2022-09-22,"P1812000079917","B1312000348386"
"R1771000955714",5,NA,2022-09-21,"P1812000274520","B1312000949711"
"R1771000956157",5,NA,2022-09-22,"P1812000135765","B1312000827690"
"R1771000957490",5,NA,2022-09-25,"P1812000311357","B1312000266652"
"R1771000958389",5,NA,2022-09-18,"P1812000341659","B1312000194688"
"R1771000959386",5,NA,2022-09-30,"P1812000324544","B1312000144883"
"R1771000960565",5,NA,2022-09-21,"P1812000261125","B1312000386523"
"R1771000961629",5,NA,2022-10-02,"P1812000266652","B1312000610541"
"R1771000962587",5,NA,2022-09-28,"P1812000483745","B1312000678151"
"R1771000963913",5,NA,2022-09-06,"P1812000307309","B1312000445207"
"R1771000964364",5,NA,2022-09-24,"P1812000324544","B1312000606261"
"R1771000965690",5,NA,2022-09-30,"P1812000409240","B1312000857238"
"R1771000966746",5,NA,2022-09-14,"P1812000165868","B1312000071555"
"R1771000967577",5,NA,2022-09-26,"P1812000422276","B1312000482721"
"R1771000968420",5,NA,2022-09-14,"P1812000115335","B1312000071555"
"R1771000969108",5,NA,2022-09-13,"P1812000065322","B1312000832937"
"R1771000970966",5,NA,2022-09-30,"P1812000254228","B1312000846581"
"R1771000971380",5,NA,2022-09-16,"P1812000311357","B1312000020748"
"R1771000972741",5,NA,2022-09-28,"P1812000190696","B1312000978497"
"R1771000973807",5,NA,2022-09-15,"P1812000183653","B1312000473822"
"R1771000974139",5,NA,2022-09-27,"P1812000261125","B1312000793685"
"R1771000975247",5,NA,2022-09-10,"P1812000054821","B1312000167385"
"R1771000976750",5,NA,2022-09-18,"P1812000438593","B1312000179151"
"R1771000977117",5,NA,2022-09-10,"P1812000386523","B1312000318264"
"R1771000978497",5,NA,2022-09-04,"P1812000453567","B1312000432483"
"R1771000979447",5,NA,2022-09-22,"P1812000042408","B1312000583158"
"R1771000980166",5,NA,2022-09-14,"P1812000268489","B1312000034943"
"R1771000981977",5,NA,2022-09-13,"P1812000286636","B1312000751546"
"R1771000982831",5,NA,2022-09-21,"P1812000118825","B1312000628792"
"R1771000983704",5,NA,2022-09-14,"P1812000009328","B1312000679324"
"R1771000984482",5,NA,2022-09-06,"P1812000426661","B1312000083168"
"R1771000985650",5,NA,2022-09-06,"P1812000399843","B1312000142104"
"R1771000986250",5,NA,2022-09-02,"P1812000311357","B1312000765473"
"R1771000987690",5,NA,2022-09-13,"P1812000400342","B1312000296810"
"R1771000988570",5,NA,2022-09-07,"P1812000303920","B1312000642583"
"R1771000989443",5,NA,2022-09-20,"P1812000007217","B1312000629913"
"R1771000990267",5,NA,2022-10-01,"P1812000017808","B1312000697237"
"R1771000991260",5,NA,2022-09-13,"P1812000125843","B1312000931718"
"R1771000992520",5,NA,2022-09-28,"P1812000475795","B1312000068705"
"R1771000993543",5,NA,2022-09-16,"P1812000120311","B1312000466381"
"R1771000994128",5,NA,2022-09-26,"P1812000274520","B1312000485154"
"R1771000995732",5,NA,2022-09-24,"P1812000076851","B1312000601789"
"R1771000996340",5,NA,2022-09-30,"P1812000264856","B1312000615298"
"R1771000997764",5,NA,2022-09-18,"P1812000095770","B1312000153138"
"R1771000998141",5,NA,2022-09-15,"P1812000358704","B1312000712170"
"R1771000999143",5,NA,2022-09-04,"P1812000226864","B1312000432483"
"R1771001000323",5,NA,2022-09-22,"P1812000312276","B1312000236663"
